DELETE FROM KSAP_DT_RANGE
/
DELETE FROM KSAP_MLSTN
/
DELETE FROM KSAP_ATP
/
DELETE FROM KSAP_ATP_TYPE
/
DELETE FROM KSAP_ATP_SEASONAL_TYPE
/
DELETE FROM KSAP_ATP_DUR_TYPE
/
DELETE FROM KSAP_RICH_TEXT_T
/
insert into KSAP_ATP_SEASONAL_TYPE (TYPE_KEY, TYPE_DESC, EFF_DT, EXPIR_DT, NAME, OBJ_ID, VER_NBR) values ('kuali.atp.season.Fall', 'Fall', TIMESTAMP '2000-01-01 00:00:00', null, 'Fall', '81124CAA22494E7E8801DEC2CF4CC729', 0)
/
insert into KSAP_ATP_SEASONAL_TYPE (TYPE_KEY, TYPE_DESC, EFF_DT, EXPIR_DT, NAME, OBJ_ID, VER_NBR) values ('kuali.atp.season.Spring', 'Spring', TIMESTAMP '2000-01-01 00:00:00', null, 'Spring', '32E8FD6B6FE943D2A9ED0EF04C80A30B', 0)
/
insert into KSAP_ATP_SEASONAL_TYPE (TYPE_KEY, TYPE_DESC, EFF_DT, EXPIR_DT, NAME, OBJ_ID, VER_NBR) values ('kuali.atp.season.Summer1', '1st Half of Summer', TIMESTAMP '2000-01-01 00:00:00', null, 'Summer 1', 'B8D05E8399D643598BAB07F58177B452', 0)
/
insert into KSAP_ATP_SEASONAL_TYPE (TYPE_KEY, TYPE_DESC, EFF_DT, EXPIR_DT, NAME, OBJ_ID, VER_NBR) values ('kuali.atp.season.Summer2', '2nd Half of Summer', TIMESTAMP '2000-01-01 00:00:00', null, 'Summer 2', '24A8AF1979CB4E368DE4AB14EC31A796', 0)
/
insert into KSAP_ATP_SEASONAL_TYPE (TYPE_KEY, TYPE_DESC, EFF_DT, EXPIR_DT, NAME, OBJ_ID, VER_NBR) values ('kuali.atp.season.Winter', 'Winter Activity Period', TIMESTAMP '2000-01-01 00:00:00', null, 'Winter', '9D339B23F75640DBBB25FF7835D233BC', 0)
/
insert into KSAP_ATP_DUR_TYPE (TYPE_KEY, TYPE_DESC, EFF_DT, EXPIR_DT, NAME, OBJ_ID, VER_NBR) values ('kuali.atp.duration.Semester', 'Default Semester', TIMESTAMP '2000-01-01 00:00:00', null, 'Semester', 'D0AE0E8899A440CD938B2B1456F96829', 0)
/
insert into KSAP_ATP_TYPE (TYPE_KEY, TYPE_DESC, EFF_DT, EXPIR_DT, NAME, OBJ_ID, DUR_TYPE, SEASONAL_TYPE, VER_NBR) values ('kuali.atp.type.Fall', 'Fall Semester', TIMESTAMP '2000-01-01 00:00:00', null, 'Fall', '736F8E8C89E04F76A4012254115ED145', 'kuali.atp.duration.Semester', 'kuali.atp.season.Fall', 0)
/
insert into KSAP_ATP_TYPE (TYPE_KEY, TYPE_DESC, EFF_DT, EXPIR_DT, NAME, OBJ_ID, DUR_TYPE, SEASONAL_TYPE, VER_NBR) values ('kuali.atp.type.Summer1', '1st Summer Session', TIMESTAMP '2000-01-01 00:00:00', null, 'Summer 1', '903E7055A6AA4BA3B9E696ED38C5AD9F', 'kuali.atp.duration.Semester', 'kuali.atp.season.Summer1', 0)
/
insert into KSAP_ATP_TYPE (TYPE_KEY, TYPE_DESC, EFF_DT, EXPIR_DT, NAME, OBJ_ID, DUR_TYPE, SEASONAL_TYPE, VER_NBR) values ('kuali.atp.type.Summer2', '2nd Summer Session', TIMESTAMP '2000-01-01 00:00:00', null, 'Summer 2', '87AAB22EA1E34938BFEC4ADE03131557', 'kuali.atp.duration.Semester', 'kuali.atp.season.Summer2', 0)
/
insert into KSAP_ATP_TYPE (TYPE_KEY, TYPE_DESC, EFF_DT, EXPIR_DT, NAME, OBJ_ID, DUR_TYPE, SEASONAL_TYPE, VER_NBR) values ('kuali.atp.type.Spring', 'Spring Semester', TIMESTAMP '2000-01-01 00:00:00', null, 'Spring', '6E3F3F4F453A43B8A37373A6A003B20D', 'kuali.atp.duration.Semester', 'kuali.atp.season.Spring', 0)
/
insert into KSAP_ATP_TYPE (TYPE_KEY, TYPE_DESC, EFF_DT, EXPIR_DT, NAME, OBJ_ID, DUR_TYPE, SEASONAL_TYPE, VER_NBR) values ('kuali.atp.type.Winter', 'Winter Activity Period', TIMESTAMP '2000-01-01 00:00:00', null, 'Winter', 'EC994F0A8ADA4410850F3E037422CFC3', 'kuali.atp.duration.Semester', 'kuali.atp.season.Winter', 0)
/
insert into KSAP_RICH_TEXT_T (ID, FORMATTED, PLAIN, OBJ_ID, VER_NBR) values ('kuali.atp.1973Summer1_RT', '1973Summer1', '1973Summer1', SYS_GUID(), 0)
/
insert into KSAP_ATP (ID, VER_NBR, END_DT, NAME, START_DT, STATE, TYPE, OBJ_ID, RT_DESCR_ID) VALUES ('kuali.atp.1973Summer1',0,timestamp '1973-07-31 00:00:00','1973Summer1',timestamp '1973-05-01 00:00:00','Active','kuali.atp.type.Summer1',SYS_GUID(),'kuali.atp.1973Summer1_RT')
/
insert into KSAP_RICH_TEXT_T (ID, FORMATTED, PLAIN, OBJ_ID, VER_NBR) values ('kuali.atp.1975Spring_RT', '1975Spring', '1975Spring', SYS_GUID(), 0)
/
insert into KSAP_ATP (ID, VER_NBR, END_DT, NAME, START_DT, STATE, TYPE, OBJ_ID, RT_DESCR_ID) VALUES ('kuali.atp.1975Spring',0,timestamp '1975-04-30 00:00:00','1975Spring',timestamp '1975-01-01 00:00:00','Active','kuali.atp.type.Spring',SYS_GUID(),'kuali.atp.1975Spring_RT')
/
insert into KSAP_RICH_TEXT_T (ID, FORMATTED, PLAIN, OBJ_ID, VER_NBR) values ('kuali.atp.1980Spring_RT', '1980Spring', '1980Spring', SYS_GUID(), 0)
/
insert into KSAP_ATP (ID, VER_NBR, END_DT, NAME, START_DT, STATE, TYPE, OBJ_ID, RT_DESCR_ID) VALUES ('kuali.atp.1980Spring',0,timestamp '1980-04-30 00:00:00','1980Spring',timestamp '1980-01-01 00:00:00','Active','kuali.atp.type.Spring',SYS_GUID(),'kuali.atp.1980Spring_RT')
/
insert into KSAP_RICH_TEXT_T (ID, FORMATTED, PLAIN, OBJ_ID, VER_NBR) values ('kuali.atp.1980Summer1_RT', '1980Summer1', '1980Summer1', SYS_GUID(), 0)
/
insert into KSAP_ATP (ID, VER_NBR, END_DT, NAME, START_DT, STATE, TYPE, OBJ_ID, RT_DESCR_ID) VALUES ('kuali.atp.1980Summer1',0,timestamp '1980-07-31 00:00:00','1980Summer1',timestamp '1980-05-01 00:00:00','Active','kuali.atp.type.Summer1',SYS_GUID(),'kuali.atp.1980Summer1_RT')
/
insert into KSAP_RICH_TEXT_T (ID, FORMATTED, PLAIN, OBJ_ID, VER_NBR) values ('kuali.atp.1980Fall_RT', '1980Fall', '1980Fall', SYS_GUID(), 0)
/
insert into KSAP_ATP (ID, VER_NBR, END_DT, NAME, START_DT, STATE, TYPE, OBJ_ID, RT_DESCR_ID) VALUES ('kuali.atp.1980Fall',0,timestamp '1980-11-30 00:00:00','1980Fall',timestamp '1980-08-01 00:00:00','Active','kuali.atp.type.Fall',SYS_GUID(),'kuali.atp.1980Fall_RT')
/
insert into KSAP_RICH_TEXT_T (ID, FORMATTED, PLAIN, OBJ_ID, VER_NBR) values ('kuali.atp.1981Spring_RT', '1981Spring', '1981Spring', SYS_GUID(), 0)
/
insert into KSAP_ATP (ID, VER_NBR, END_DT, NAME, START_DT, STATE, TYPE, OBJ_ID, RT_DESCR_ID) VALUES ('kuali.atp.1981Spring',0,timestamp '1981-04-30 00:00:00','1981Spring',timestamp '1981-01-01 00:00:00','Active','kuali.atp.type.Spring',SYS_GUID(),'kuali.atp.1981Spring_RT')
/
insert into KSAP_RICH_TEXT_T (ID, FORMATTED, PLAIN, OBJ_ID, VER_NBR) values ('kuali.atp.1981Summer1_RT', '1981Summer1', '1981Summer1', SYS_GUID(), 0)
/
insert into KSAP_ATP (ID, VER_NBR, END_DT, NAME, START_DT, STATE, TYPE, OBJ_ID, RT_DESCR_ID) VALUES ('kuali.atp.1981Summer1',0,timestamp '1981-07-31 00:00:00','1981Summer1',timestamp '1981-05-01 00:00:00','Active','kuali.atp.type.Summer1',SYS_GUID(),'kuali.atp.1981Summer1_RT')
/
insert into KSAP_RICH_TEXT_T (ID, FORMATTED, PLAIN, OBJ_ID, VER_NBR) values ('kuali.atp.1981Fall_RT', '1981Fall', '1981Fall', SYS_GUID(), 0)
/
insert into KSAP_ATP (ID, VER_NBR, END_DT, NAME, START_DT, STATE, TYPE, OBJ_ID, RT_DESCR_ID) VALUES ('kuali.atp.1981Fall',0,timestamp '1981-11-30 00:00:00','1981Fall',timestamp '1981-08-01 00:00:00','Active','kuali.atp.type.Fall',SYS_GUID(),'kuali.atp.1981Fall_RT')
/
insert into KSAP_RICH_TEXT_T (ID, FORMATTED, PLAIN, OBJ_ID, VER_NBR) values ('kuali.atp.1982Spring_RT', '1982Spring', '1982Spring', SYS_GUID(), 0)
/
insert into KSAP_ATP (ID, VER_NBR, END_DT, NAME, START_DT, STATE, TYPE, OBJ_ID, RT_DESCR_ID) VALUES ('kuali.atp.1982Spring',0,timestamp '1982-04-30 00:00:00','1982Spring',timestamp '1982-01-01 00:00:00','Active','kuali.atp.type.Spring',SYS_GUID(),'kuali.atp.1982Spring_RT')
/
insert into KSAP_RICH_TEXT_T (ID, FORMATTED, PLAIN, OBJ_ID, VER_NBR) values ('kuali.atp.1982Summer1_RT', '1982Summer1', '1982Summer1', SYS_GUID(), 0)
/
insert into KSAP_ATP (ID, VER_NBR, END_DT, NAME, START_DT, STATE, TYPE, OBJ_ID, RT_DESCR_ID) VALUES ('kuali.atp.1982Summer1',0,timestamp '1982-07-31 00:00:00','1982Summer1',timestamp '1982-05-01 00:00:00','Active','kuali.atp.type.Summer1',SYS_GUID(),'kuali.atp.1982Summer1_RT')
/
insert into KSAP_RICH_TEXT_T (ID, FORMATTED, PLAIN, OBJ_ID, VER_NBR) values ('kuali.atp.1982Fall_RT', '1982Fall', '1982Fall', SYS_GUID(), 0)
/
insert into KSAP_ATP (ID, VER_NBR, END_DT, NAME, START_DT, STATE, TYPE, OBJ_ID, RT_DESCR_ID) VALUES ('kuali.atp.1982Fall',0,timestamp '1982-11-30 00:00:00','1982Fall',timestamp '1982-08-01 00:00:00','Active','kuali.atp.type.Fall',SYS_GUID(),'kuali.atp.1982Fall_RT')
/
insert into KSAP_RICH_TEXT_T (ID, FORMATTED, PLAIN, OBJ_ID, VER_NBR) values ('kuali.atp.1983Spring_RT', '1983Spring', '1983Spring', SYS_GUID(), 0)
/
insert into KSAP_ATP (ID, VER_NBR, END_DT, NAME, START_DT, STATE, TYPE, OBJ_ID, RT_DESCR_ID) VALUES ('kuali.atp.1983Spring',0,timestamp '1983-04-30 00:00:00','1983Spring',timestamp '1983-01-01 00:00:00','Active','kuali.atp.type.Spring',SYS_GUID(),'kuali.atp.1983Spring_RT')
/
insert into KSAP_RICH_TEXT_T (ID, FORMATTED, PLAIN, OBJ_ID, VER_NBR) values ('kuali.atp.1983Summer1_RT', '1983Summer1', '1983Summer1', SYS_GUID(), 0)
/
insert into KSAP_ATP (ID, VER_NBR, END_DT, NAME, START_DT, STATE, TYPE, OBJ_ID, RT_DESCR_ID) VALUES ('kuali.atp.1983Summer1',0,timestamp '1983-07-31 00:00:00','1983Summer1',timestamp '1983-05-01 00:00:00','Active','kuali.atp.type.Summer1',SYS_GUID(),'kuali.atp.1983Summer1_RT')
/
insert into KSAP_RICH_TEXT_T (ID, FORMATTED, PLAIN, OBJ_ID, VER_NBR) values ('kuali.atp.1983Summer2_RT', '1983Summer2', '1983Summer2', SYS_GUID(), 0)
/
insert into KSAP_ATP (ID, VER_NBR, END_DT, NAME, START_DT, STATE, TYPE, OBJ_ID, RT_DESCR_ID) VALUES ('kuali.atp.1983Summer2',0,timestamp '1983-08-31 00:00:00','1983Summer2',timestamp '1983-07-01 00:00:00','Active','kuali.atp.type.Summer2',SYS_GUID(),'kuali.atp.1983Summer2_RT')
/
insert into KSAP_RICH_TEXT_T (ID, FORMATTED, PLAIN, OBJ_ID, VER_NBR) values ('kuali.atp.1983Fall_RT', '1983Fall', '1983Fall', SYS_GUID(), 0)
/
insert into KSAP_ATP (ID, VER_NBR, END_DT, NAME, START_DT, STATE, TYPE, OBJ_ID, RT_DESCR_ID) VALUES ('kuali.atp.1983Fall',0,timestamp '1983-11-30 00:00:00','1983Fall',timestamp '1983-08-01 00:00:00','Active','kuali.atp.type.Fall',SYS_GUID(),'kuali.atp.1983Fall_RT')
/
insert into KSAP_RICH_TEXT_T (ID, FORMATTED, PLAIN, OBJ_ID, VER_NBR) values ('kuali.atp.1984Spring_RT', '1984Spring', '1984Spring', '0BF717A9BDF649EF9320E0A5244C1D19', 0)
/
insert into KSAP_RICH_TEXT_T (ID, FORMATTED, PLAIN, OBJ_ID, VER_NBR) values ('kuali.atp.1984Summer1_RT', '1984Summer1', '1984Summer1', '00B12494F5C24F699F50BB4035ACF47A', 0)
/
insert into KSAP_RICH_TEXT_T (ID, FORMATTED, PLAIN, OBJ_ID, VER_NBR) values ('kuali.atp.1984Summer2_RT', '1984Summer2', '1984Summer2', '26F3D4D0586F40348BD8A307EB804B26', 0)
/
insert into KSAP_RICH_TEXT_T (ID, FORMATTED, PLAIN, OBJ_ID, VER_NBR) values ('kuali.atp.1984Fall_RT', '1984Fall', '1984Fall', '2C0CCF3D2FAF49C18645D293EC58E33C', 0)
/
insert into KSAP_RICH_TEXT_T (ID, FORMATTED, PLAIN, OBJ_ID, VER_NBR) values ('kuali.atp.1985Spring_RT', '1985Spring', '1985Spring', '67F034C14D2042ECB4548587C04E1F13', 0)
/
insert into KSAP_RICH_TEXT_T (ID, FORMATTED, PLAIN, OBJ_ID, VER_NBR) values ('kuali.atp.1985Summer1_RT', '1985Summer1', '1985Summer1', 'EF9D6FACF6884ED5A67D2A5D8A11E938', 0)
/
insert into KSAP_RICH_TEXT_T (ID, FORMATTED, PLAIN, OBJ_ID, VER_NBR) values ('kuali.atp.1985Summer2_RT', '1985Summer2', '1985Summer2', '916EF32F282D48FC928D9184889FBE5B', 0)
/
insert into KSAP_RICH_TEXT_T (ID, FORMATTED, PLAIN, OBJ_ID, VER_NBR) values ('kuali.atp.1985Fall_RT', '1985Fall', '1985Fall', '00D14A4E235E4A60A15AB3E3926DA095', 0)
/
insert into KSAP_RICH_TEXT_T (ID, FORMATTED, PLAIN, OBJ_ID, VER_NBR) values ('kuali.atp.1986Spring_RT', '1986Spring', '1986Spring', 'C35C3BD45818413787785869D6EE64C8', 0)
/
insert into KSAP_RICH_TEXT_T (ID, FORMATTED, PLAIN, OBJ_ID, VER_NBR) values ('kuali.atp.1986Summer1_RT', '1986Summer1', '1986Summer1', '84A02F75E2E548FE95D3FD2576DB5366', 0)
/
insert into KSAP_RICH_TEXT_T (ID, FORMATTED, PLAIN, OBJ_ID, VER_NBR) values ('kuali.atp.1986Summer2_RT', '1986Summer2', '1986Summer2', '07C3CD8B9176403187F20142AF189928', 0)
/
insert into KSAP_RICH_TEXT_T (ID, FORMATTED, PLAIN, OBJ_ID, VER_NBR) values ('kuali.atp.1986Fall_RT', '1986Fall', '1986Fall', '321D21849A5743A3BDC78C35D97DDBB4', 0)
/
insert into KSAP_RICH_TEXT_T (ID, FORMATTED, PLAIN, OBJ_ID, VER_NBR) values ('kuali.atp.1987Spring_RT', '1987Spring', '1987Spring', '0085B65273854AB894AA974002B67724', 0)
/
insert into KSAP_RICH_TEXT_T (ID, FORMATTED, PLAIN, OBJ_ID, VER_NBR) values ('kuali.atp.1987Summer1_RT', '1987Summer1', '1987Summer1', 'BE4F485948E14E258A5EC472059FB4D7', 0)
/
insert into KSAP_RICH_TEXT_T (ID, FORMATTED, PLAIN, OBJ_ID, VER_NBR) values ('kuali.atp.1987Summer2_RT', '1987Summer2', '1987Summer2', '8EF48807665344A78A858C72E851A395', 0)
/
insert into KSAP_RICH_TEXT_T (ID, FORMATTED, PLAIN, OBJ_ID, VER_NBR) values ('kuali.atp.1987Fall_RT', '1987Fall', '1987Fall', '0E93111F3DB6414CAE997CF999908195', 0)
/
insert into KSAP_RICH_TEXT_T (ID, FORMATTED, PLAIN, OBJ_ID, VER_NBR) values ('kuali.atp.1988Spring_RT', '1988Spring', '1988Spring', 'EC3B6E6F91A94639B711BB20A9BF697E', 0)
/
insert into KSAP_RICH_TEXT_T (ID, FORMATTED, PLAIN, OBJ_ID, VER_NBR) values ('kuali.atp.1988Summer1_RT', '1988Summer1', '1988Summer1', '6EAD9E572ACF4899AC6C87B5BAEF3793', 0)
/
insert into KSAP_RICH_TEXT_T (ID, FORMATTED, PLAIN, OBJ_ID, VER_NBR) values ('kuali.atp.1988Summer2_RT', '1988Summer2', '1988Summer2', '0DDECC9F9F74478FBBF9C7DF485000D1', 0)
/
insert into KSAP_RICH_TEXT_T (ID, FORMATTED, PLAIN, OBJ_ID, VER_NBR) values ('kuali.atp.1988Fall_RT', '1988Fall', '1988Fall', 'E9E564F70B004B4C9E3CDA6B259DECFC', 0)
/
insert into KSAP_RICH_TEXT_T (ID, FORMATTED, PLAIN, OBJ_ID, VER_NBR) values ('kuali.atp.1989Spring_RT', '1989Spring', '1989Spring', '8FA8FE8F305E4C85908F5CCD1844C6D2', 0)
/
insert into KSAP_RICH_TEXT_T (ID, FORMATTED, PLAIN, OBJ_ID, VER_NBR) values ('kuali.atp.1989Summer1_RT', '1989Summer1', '1989Summer1', 'E3B323AD4ABA439984345F3250A605CE', 0)
/
insert into KSAP_RICH_TEXT_T (ID, FORMATTED, PLAIN, OBJ_ID, VER_NBR) values ('kuali.atp.1989Summer2_RT', '1989Summer2', '1989Summer2', '10FE9962EB724D669A682D2CBB449CF2', 0)
/
insert into KSAP_RICH_TEXT_T (ID, FORMATTED, PLAIN, OBJ_ID, VER_NBR) values ('kuali.atp.1989Fall_RT', '1989Fall', '1989Fall', '0A312E6812E644DCABAA9D2F2FC9745A', 0)
/
insert into KSAP_RICH_TEXT_T (ID, FORMATTED, PLAIN, OBJ_ID, VER_NBR) values ('kuali.atp.1990Spring_RT', '1990Spring', '1990Spring', '4940E90682EA4371BC40C16CB0D6E77B', 0)
/
insert into KSAP_RICH_TEXT_T (ID, FORMATTED, PLAIN, OBJ_ID, VER_NBR) values ('kuali.atp.1990Summer1_RT', '1990Summer1', '1990Summer1', 'FB2BC2D123E74F50A8E6162E7C275D1D', 0)
/
insert into KSAP_RICH_TEXT_T (ID, FORMATTED, PLAIN, OBJ_ID, VER_NBR) values ('kuali.atp.1990Summer2_RT', '1990Summer2', '1990Summer2', '27B547B839444BE99AEB3E5AC727C9EA', 0)
/
insert into KSAP_RICH_TEXT_T (ID, FORMATTED, PLAIN, OBJ_ID, VER_NBR) values ('kuali.atp.1990Fall_RT', '1990Fall', '1990Fall', '101577F3DFB2404CB229A0B56A2BD440', 0)
/
insert into KSAP_RICH_TEXT_T (ID, FORMATTED, PLAIN, OBJ_ID, VER_NBR) values ('kuali.atp.1991Spring_RT', '1991Spring', '1991Spring', 'B63470B9D9B64C1BAC7A250FD443C242', 0)
/
insert into KSAP_RICH_TEXT_T (ID, FORMATTED, PLAIN, OBJ_ID, VER_NBR) values ('kuali.atp.1991Summer1_RT', '1991Summer1', '1991Summer1', '839FA7DC86144DD2BDF55BB99751A7FE', 0)
/
insert into KSAP_RICH_TEXT_T (ID, FORMATTED, PLAIN, OBJ_ID, VER_NBR) values ('kuali.atp.1991Summer2_RT', '1991Summer2', '1991Summer2', 'FC3E9432312745DBAD689A948B79AA1B', 0)
/
insert into KSAP_RICH_TEXT_T (ID, FORMATTED, PLAIN, OBJ_ID, VER_NBR) values ('kuali.atp.1991Fall_RT', '1991Fall', '1991Fall', '13F27E4B745D4C0D945F6B03A9B6A854', 0)
/
insert into KSAP_RICH_TEXT_T (ID, FORMATTED, PLAIN, OBJ_ID, VER_NBR) values ('kuali.atp.1992Spring_RT', '1992Spring', '1992Spring', '1D4EF9897D41435D882D7801D534C43C', 0)
/
insert into KSAP_RICH_TEXT_T (ID, FORMATTED, PLAIN, OBJ_ID, VER_NBR) values ('kuali.atp.1992Summer1_RT', '1992Summer1', '1992Summer1', '5CD84BC9BCCC4B81B73DDA06B8685FFB', 0)
/
insert into KSAP_RICH_TEXT_T (ID, FORMATTED, PLAIN, OBJ_ID, VER_NBR) values ('kuali.atp.1992Summer2_RT', '1992Summer2', '1992Summer2', 'B2BE3DDD55C841FB8258BEDC54F9AAE1', 0)
/
insert into KSAP_RICH_TEXT_T (ID, FORMATTED, PLAIN, OBJ_ID, VER_NBR) values ('kuali.atp.1992Fall_RT', '1992Fall', '1992Fall', '2BF0C11AB5534BDEAFF2148B7E8C40B2', 0)
/
insert into KSAP_RICH_TEXT_T (ID, FORMATTED, PLAIN, OBJ_ID, VER_NBR) values ('kuali.atp.1993Spring_RT', '1993Spring', '1993Spring', '80151D218B954DEA97B36CFFB42CFADA', 0)
/
insert into KSAP_RICH_TEXT_T (ID, FORMATTED, PLAIN, OBJ_ID, VER_NBR) values ('kuali.atp.1993Summer1_RT', '1993Summer1', '1993Summer1', '1E4ABD0F6D6A48838898C9DD4DE77B26', 0)
/
insert into KSAP_RICH_TEXT_T (ID, FORMATTED, PLAIN, OBJ_ID, VER_NBR) values ('kuali.atp.1993Summer2_RT', '1993Summer2', '1993Summer2', '1E6D65DC002E4B4980D703663DE59748', 0)
/
insert into KSAP_RICH_TEXT_T (ID, FORMATTED, PLAIN, OBJ_ID, VER_NBR) values ('kuali.atp.1993Fall_RT', '1993Fall', '1993Fall', '3FE45135C5FE408A9B85757959D3E5D3', 0)
/
insert into KSAP_RICH_TEXT_T (ID, FORMATTED, PLAIN, OBJ_ID, VER_NBR) values ('kuali.atp.1994Spring_RT', '1994Spring', '1994Spring', 'A3EA3A8EBAEF434EA2449261E17AEEC3', 0)
/
insert into KSAP_RICH_TEXT_T (ID, FORMATTED, PLAIN, OBJ_ID, VER_NBR) values ('kuali.atp.1994Summer1_RT', '1994Summer1', '1994Summer1', '8EBFC720A9C846E6ACAA49CEA1B259C0', 0)
/
insert into KSAP_RICH_TEXT_T (ID, FORMATTED, PLAIN, OBJ_ID, VER_NBR) values ('kuali.atp.1994Summer2_RT', '1994Summer2', '1994Summer2', '0B3315F677AA46BC949FBC3204FAD6C2', 0)
/
insert into KSAP_RICH_TEXT_T (ID, FORMATTED, PLAIN, OBJ_ID, VER_NBR) values ('kuali.atp.1994Fall_RT', '1994Fall', '1994Fall', '405F4DE607CB47EE9A4FE08F9C93489E', 0)
/
insert into KSAP_RICH_TEXT_T (ID, FORMATTED, PLAIN, OBJ_ID, VER_NBR) values ('kuali.atp.1994Winter_RT', '1994Winter', '1994Winter', '31FAF9CD133E45F8810DFC7FE14A67DB', 0)
/
insert into KSAP_RICH_TEXT_T (ID, FORMATTED, PLAIN, OBJ_ID, VER_NBR) values ('kuali.atp.1995Spring_RT', '1995Spring', '1995Spring', '5C20BBE9F10D41CC96F238B869D31989', 0)
/
insert into KSAP_RICH_TEXT_T (ID, FORMATTED, PLAIN, OBJ_ID, VER_NBR) values ('kuali.atp.1995Summer1_RT', '1995Summer1', '1995Summer1', '749D7796477A45AAAFA5894A020D762D', 0)
/
insert into KSAP_RICH_TEXT_T (ID, FORMATTED, PLAIN, OBJ_ID, VER_NBR) values ('kuali.atp.1995Summer2_RT', '1995Summer2', '1995Summer2', 'D178E6FC89F34999B0C7B187F9E22608', 0)
/
insert into KSAP_RICH_TEXT_T (ID, FORMATTED, PLAIN, OBJ_ID, VER_NBR) values ('kuali.atp.1995Fall_RT', '1995Fall', '1995Fall', '0F02E5DA674F487681092333ADB94400', 0)
/
insert into KSAP_RICH_TEXT_T (ID, FORMATTED, PLAIN, OBJ_ID, VER_NBR) values ('kuali.atp.1995Winter_RT', '1995Winter', '1995Winter', '2DD8AD8F6C52479496085A4561D84518', 0)
/
insert into KSAP_RICH_TEXT_T (ID, FORMATTED, PLAIN, OBJ_ID, VER_NBR) values ('kuali.atp.1996Spring_RT', '1996Spring', '1996Spring', 'EC28AC83AF444E90AB552ABAE5A0DDFC', 0)
/
insert into KSAP_RICH_TEXT_T (ID, FORMATTED, PLAIN, OBJ_ID, VER_NBR) values ('kuali.atp.1996Summer1_RT', '1996Summer1', '1996Summer1', 'D1201E5A410644EDB8B6922662CDCD75', 0)
/
insert into KSAP_RICH_TEXT_T (ID, FORMATTED, PLAIN, OBJ_ID, VER_NBR) values ('kuali.atp.1996Summer2_RT', '1996Summer2', '1996Summer2', 'E20DE41AB10E4EF490E60783C75177AE', 0)
/
insert into KSAP_RICH_TEXT_T (ID, FORMATTED, PLAIN, OBJ_ID, VER_NBR) values ('kuali.atp.1996Fall_RT', '1996Fall', '1996Fall', '828276B4A77F40D79651C7813D4D1CB7', 0)
/
insert into KSAP_RICH_TEXT_T (ID, FORMATTED, PLAIN, OBJ_ID, VER_NBR) values ('kuali.atp.1996Winter_RT', '1996Winter', '1996Winter', '5AA60704FCF841DC820D1E0176907414', 0)
/
insert into KSAP_RICH_TEXT_T (ID, FORMATTED, PLAIN, OBJ_ID, VER_NBR) values ('kuali.atp.1997Spring_RT', '1997Spring', '1997Spring', '941C8E3C699B432CBD973D73A8C7B817', 0)
/
insert into KSAP_RICH_TEXT_T (ID, FORMATTED, PLAIN, OBJ_ID, VER_NBR) values ('kuali.atp.1997Summer1_RT', '1997Summer1', '1997Summer1', '922ED14BE1A2423B8CA2D5E7DFB069B5', 0)
/
insert into KSAP_RICH_TEXT_T (ID, FORMATTED, PLAIN, OBJ_ID, VER_NBR) values ('kuali.atp.1997Summer2_RT', '1997Summer2', '1997Summer2', '86FE456EDA7C43FAAA03D44EE7407BB4', 0)
/
insert into KSAP_RICH_TEXT_T (ID, FORMATTED, PLAIN, OBJ_ID, VER_NBR) values ('kuali.atp.1997Fall_RT', '1997Fall', '1997Fall', '916E57326A4C4467B1909134323472AA', 0)
/
insert into KSAP_RICH_TEXT_T (ID, FORMATTED, PLAIN, OBJ_ID, VER_NBR) values ('kuali.atp.1997Winter_RT', '1997Winter', '1997Winter', '62A1C1688EEA4EAFAAA49A6096C3D6BE', 0)
/
insert into KSAP_RICH_TEXT_T (ID, FORMATTED, PLAIN, OBJ_ID, VER_NBR) values ('kuali.atp.1998Spring_RT', '1998Spring', '1998Spring', '1896591C913F43619E391C758B6B8229', 0)
/
insert into KSAP_RICH_TEXT_T (ID, FORMATTED, PLAIN, OBJ_ID, VER_NBR) values ('kuali.atp.1998Summer1_RT', '1998Summer1', '1998Summer1', 'A88627D180774742A353FA921EDA6C1C', 0)
/
insert into KSAP_RICH_TEXT_T (ID, FORMATTED, PLAIN, OBJ_ID, VER_NBR) values ('kuali.atp.1998Summer2_RT', '1998Summer2', '1998Summer2', '8CBAB327455A4E0BBC8DE7201DA6CC62', 0)
/
insert into KSAP_RICH_TEXT_T (ID, FORMATTED, PLAIN, OBJ_ID, VER_NBR) values ('kuali.atp.1998Fall_RT', '1998Fall', '1998Fall', '7B3D50695CAF4D86AF610F7AEEA1217E', 0)
/
insert into KSAP_RICH_TEXT_T (ID, FORMATTED, PLAIN, OBJ_ID, VER_NBR) values ('kuali.atp.1998Winter_RT', '1998Winter', '1998Winter', '66F3DE52D16A4620A4E2CDAEAA205C78', 0)
/
insert into KSAP_RICH_TEXT_T (ID, FORMATTED, PLAIN, OBJ_ID, VER_NBR) values ('kuali.atp.1999Spring_RT', '1999Spring', '1999Spring', '790203CE860D45468C56FB144826340C', 0)
/
insert into KSAP_RICH_TEXT_T (ID, FORMATTED, PLAIN, OBJ_ID, VER_NBR) values ('kuali.atp.1999Summer1_RT', '1999Summer1', '1999Summer1', 'B19380BFB39A48C59ED4A39805B767B0', 0)
/
insert into KSAP_RICH_TEXT_T (ID, FORMATTED, PLAIN, OBJ_ID, VER_NBR) values ('kuali.atp.1999Summer2_RT', '1999Summer2', '1999Summer2', '26D1D9FC13444CF5ADA2A022E3957879', 0)
/
insert into KSAP_RICH_TEXT_T (ID, FORMATTED, PLAIN, OBJ_ID, VER_NBR) values ('kuali.atp.1999Fall_RT', '1999Fall', '1999Fall', 'E57D4F793FD24660B9E0DFA1429CDE5F', 0)
/
insert into KSAP_RICH_TEXT_T (ID, FORMATTED, PLAIN, OBJ_ID, VER_NBR) values ('kuali.atp.1999Winter_RT', '1999Winter', '1999Winter', '4D256169DAB046009F7171CCFB2D61D3', 0)
/
insert into KSAP_RICH_TEXT_T (ID, FORMATTED, PLAIN, OBJ_ID, VER_NBR) values ('kuali.atp.2000Spring_RT', '2000Spring', '2000Spring', 'C1ADBF3655A146B89AE05942A170D256', 0)
/
insert into KSAP_RICH_TEXT_T (ID, FORMATTED, PLAIN, OBJ_ID, VER_NBR) values ('kuali.atp.2000Summer1_RT', '2000Summer1', '2000Summer1', '1719648B7A484DD5BBEBA35A15F50134', 0)
/
insert into KSAP_RICH_TEXT_T (ID, FORMATTED, PLAIN, OBJ_ID, VER_NBR) values ('kuali.atp.2000Summer2_RT', '2000Summer2', '2000Summer2', 'D6592DA74D354B498EC37BCC323CE378', 0)
/
insert into KSAP_RICH_TEXT_T (ID, FORMATTED, PLAIN, OBJ_ID, VER_NBR) values ('kuali.atp.2000Fall_RT', '2000Fall', '2000Fall', '2B7AE5CE51E84B10832A7D7D492314B3', 0)
/
insert into KSAP_RICH_TEXT_T (ID, FORMATTED, PLAIN, OBJ_ID, VER_NBR) values ('kuali.atp.2000Winter_RT', '2000Winter', '2000Winter', '613CD13D1E3E4546ABA42DE7135C4F10', 0)
/
insert into KSAP_RICH_TEXT_T (ID, FORMATTED, PLAIN, OBJ_ID, VER_NBR) values ('kuali.atp.2001Spring_RT', '2001Spring', '2001Spring', '5250440C1B5846229CCF456FB9AB1F92', 0)
/
insert into KSAP_RICH_TEXT_T (ID, FORMATTED, PLAIN, OBJ_ID, VER_NBR) values ('kuali.atp.2001Summer1_RT', '2001Summer1', '2001Summer1', 'BF2C01BC6C1F49DAAAF32CA5E80E60E8', 0)
/
insert into KSAP_RICH_TEXT_T (ID, FORMATTED, PLAIN, OBJ_ID, VER_NBR) values ('kuali.atp.2001Summer2_RT', '2001Summer2', '2001Summer2', '9280E4F1233A4B1B83374343AED383F6', 0)
/
insert into KSAP_RICH_TEXT_T (ID, FORMATTED, PLAIN, OBJ_ID, VER_NBR) values ('kuali.atp.2001Fall_RT', '2001Fall', '2001Fall', 'F909B6D289884AC09A0A9F5459AE5177', 0)
/
insert into KSAP_RICH_TEXT_T (ID, FORMATTED, PLAIN, OBJ_ID, VER_NBR) values ('kuali.atp.2001Winter_RT', '2001Winter', '2001Winter', '22E6E7D64F0B42A0A489FB58B5F31FF5', 0)
/
insert into KSAP_RICH_TEXT_T (ID, FORMATTED, PLAIN, OBJ_ID, VER_NBR) values ('kuali.atp.2002Spring_RT', '2002Spring', '2002Spring', '7CC89FE3F91D457ABEE62158B9C0A549', 0)
/
insert into KSAP_RICH_TEXT_T (ID, FORMATTED, PLAIN, OBJ_ID, VER_NBR) values ('kuali.atp.2002Summer1_RT', '2002Summer1', '2002Summer1', 'DB9C96E41585442F906E2455F31DF443', 0)
/
insert into KSAP_RICH_TEXT_T (ID, FORMATTED, PLAIN, OBJ_ID, VER_NBR) values ('kuali.atp.2002Summer2_RT', '2002Summer2', '2002Summer2', '457D702CFFB64AEDA13B97188BB1D8BD', 0)
/
insert into KSAP_RICH_TEXT_T (ID, FORMATTED, PLAIN, OBJ_ID, VER_NBR) values ('kuali.atp.2002Fall_RT', '2002Fall', '2002Fall', '0F7761360A914C76AFAEA9E0A31FF8E8', 0)
/
insert into KSAP_RICH_TEXT_T (ID, FORMATTED, PLAIN, OBJ_ID, VER_NBR) values ('kuali.atp.2002Winter_RT', '2002Winter', '2002Winter', '6707BBF04C5D4E9599E60C676C1F7649', 0)
/
insert into KSAP_RICH_TEXT_T (ID, FORMATTED, PLAIN, OBJ_ID, VER_NBR) values ('kuali.atp.2003Spring_RT', '2003Spring', '2003Spring', '4B63DB60FA7E4BDA9185389D91BB8A77', 0)
/
insert into KSAP_RICH_TEXT_T (ID, FORMATTED, PLAIN, OBJ_ID, VER_NBR) values ('kuali.atp.2003Summer1_RT', '2003Summer1', '2003Summer1', '9CB56447FF42403E968586FC4CA8EA6F', 0)
/
insert into KSAP_RICH_TEXT_T (ID, FORMATTED, PLAIN, OBJ_ID, VER_NBR) values ('kuali.atp.2003Summer2_RT', '2003Summer2', '2003Summer2', '11E2C7D11D8345F08B6D7D54C27E7CC1', 0)
/
insert into KSAP_RICH_TEXT_T (ID, FORMATTED, PLAIN, OBJ_ID, VER_NBR) values ('kuali.atp.2003Fall_RT', '2003Fall', '2003Fall', '2A8E3172FE024EB5ACA475A6BE3AE7DF', 0)
/
insert into KSAP_RICH_TEXT_T (ID, FORMATTED, PLAIN, OBJ_ID, VER_NBR) values ('kuali.atp.2003Winter_RT', '2003Winter', '2003Winter', 'B0A1CA1A4CC84A38A24028D91C153BBA', 0)
/
insert into KSAP_RICH_TEXT_T (ID, FORMATTED, PLAIN, OBJ_ID, VER_NBR) values ('kuali.atp.2004Spring_RT', '2004Spring', '2004Spring', '5889810077194B7BAC7F089C094EDD8A', 0)
/
insert into KSAP_RICH_TEXT_T (ID, FORMATTED, PLAIN, OBJ_ID, VER_NBR) values ('kuali.atp.2004Summer1_RT', '2004Summer1', '2004Summer1', 'A1162922A3F746C59820C27285A1BAF8', 0)
/
insert into KSAP_RICH_TEXT_T (ID, FORMATTED, PLAIN, OBJ_ID, VER_NBR) values ('kuali.atp.2004Summer2_RT', '2004Summer2', '2004Summer2', '517CEDB2C4234467A508B0516F6BBA7C', 0)
/
insert into KSAP_RICH_TEXT_T (ID, FORMATTED, PLAIN, OBJ_ID, VER_NBR) values ('kuali.atp.2004Fall_RT', '2004Fall', '2004Fall', '52E09C661D6C443BB863DFA237022C28', 0)
/
insert into KSAP_RICH_TEXT_T (ID, FORMATTED, PLAIN, OBJ_ID, VER_NBR) values ('kuali.atp.2004Winter_RT', '2004Winter', '2004Winter', '4833C6A21FB24BC486BE8D5CE9F5CB59', 0)
/
insert into KSAP_RICH_TEXT_T (ID, FORMATTED, PLAIN, OBJ_ID, VER_NBR) values ('kuali.atp.2005Spring_RT', '2005Spring', '2005Spring', '59F7BE6EE65848A7A0991416635C2679', 0)
/
insert into KSAP_RICH_TEXT_T (ID, FORMATTED, PLAIN, OBJ_ID, VER_NBR) values ('kuali.atp.2005Summer1_RT', '2005Summer1', '2005Summer1', '02868854CD1548E384DDEF90D2EBE7BA', 0)
/
insert into KSAP_RICH_TEXT_T (ID, FORMATTED, PLAIN, OBJ_ID, VER_NBR) values ('kuali.atp.2005Summer2_RT', '2005Summer2', '2005Summer2', 'AA0A5575E6CE4992980F0603FD8E33D7', 0)
/
insert into KSAP_RICH_TEXT_T (ID, FORMATTED, PLAIN, OBJ_ID, VER_NBR) values ('kuali.atp.2005Fall_RT', '2005Fall', '2005Fall', '7AD02E037F4A4250B91E36B990FE1B15', 0)
/
insert into KSAP_RICH_TEXT_T (ID, FORMATTED, PLAIN, OBJ_ID, VER_NBR) values ('kuali.atp.2005Winter_RT', '2005Winter', '2005Winter', 'C8E28A92D0FE49CCA1D1BF1C9E5D2037', 0)
/
insert into KSAP_RICH_TEXT_T (ID, FORMATTED, PLAIN, OBJ_ID, VER_NBR) values ('kuali.atp.2006Spring_RT', '2006Spring', '2006Spring', '33FCEA2B214D499ABD48D572A193F414', 0)
/
insert into KSAP_RICH_TEXT_T (ID, FORMATTED, PLAIN, OBJ_ID, VER_NBR) values ('kuali.atp.2006Summer1_RT', '2006Summer1', '2006Summer1', '0F852A64636845709D6442ACB5172FEB', 0)
/
insert into KSAP_RICH_TEXT_T (ID, FORMATTED, PLAIN, OBJ_ID, VER_NBR) values ('kuali.atp.2006Summer2_RT', '2006Summer2', '2006Summer2', '1EBE27009D65464D9B8DB7223F780375', 0)
/
insert into KSAP_RICH_TEXT_T (ID, FORMATTED, PLAIN, OBJ_ID, VER_NBR) values ('kuali.atp.2006Fall_RT', '2006Fall', '2006Fall', 'CA7B719641614F8DB12A63E7E36CEC2A', 0)
/
insert into KSAP_RICH_TEXT_T (ID, FORMATTED, PLAIN, OBJ_ID, VER_NBR) values ('kuali.atp.2006Winter_RT', '2006Winter', '2006Winter', '6BA494DFD9304FBDB1FF382C4DE090FF', 0)
/
insert into KSAP_RICH_TEXT_T (ID, FORMATTED, PLAIN, OBJ_ID, VER_NBR) values ('kuali.atp.2007Spring_RT', '2007Spring', '2007Spring', '2427E3C896AD4909906FF6BD3FEEE1BB', 0)
/
insert into KSAP_RICH_TEXT_T (ID, FORMATTED, PLAIN, OBJ_ID, VER_NBR) values ('kuali.atp.2007Summer1_RT', '2007Summer1', '2007Summer1', '46E287E624B64AD9AC9D3E3ABC50DD70', 0)
/
insert into KSAP_RICH_TEXT_T (ID, FORMATTED, PLAIN, OBJ_ID, VER_NBR) values ('kuali.atp.2007Summer2_RT', '2007Summer2', '2007Summer2', 'E9E5C06DE4D04917B9DD27360EBB5A04', 0)
/
insert into KSAP_RICH_TEXT_T (ID, FORMATTED, PLAIN, OBJ_ID, VER_NBR) values ('kuali.atp.2007Fall_RT', '2007Fall', '2007Fall', '07641762CF3149E290FF6598646816F6', 0)
/
insert into KSAP_RICH_TEXT_T (ID, FORMATTED, PLAIN, OBJ_ID, VER_NBR) values ('kuali.atp.2007Winter_RT', '2007Winter', '2007Winter', '8F2D8897F93348EC837E7301076A78DA', 0)
/
insert into KSAP_RICH_TEXT_T (ID, FORMATTED, PLAIN, OBJ_ID, VER_NBR) values ('kuali.atp.2008Spring_RT', '2008Spring', '2008Spring', 'DC6FE9AE361D4A1E80B6BB3A894DD1B5', 0)
/
insert into KSAP_RICH_TEXT_T (ID, FORMATTED, PLAIN, OBJ_ID, VER_NBR) values ('kuali.atp.2008Summer1_RT', '2008Summer1', '2008Summer1', '741E5AEEB4C2438D8C019E93A393A794', 0)
/
insert into KSAP_RICH_TEXT_T (ID, FORMATTED, PLAIN, OBJ_ID, VER_NBR) values ('kuali.atp.2008Summer2_RT', '2008Summer2', '2008Summer2', '1AB667DC091344A4907A0D715B781F93', 0)
/
insert into KSAP_RICH_TEXT_T (ID, FORMATTED, PLAIN, OBJ_ID, VER_NBR) values ('kuali.atp.2008Fall_RT', '2008Fall', '2008Fall', '1F19F85B6AD74898BCB35CA721DBAED8', 0)
/
insert into KSAP_RICH_TEXT_T (ID, FORMATTED, PLAIN, OBJ_ID, VER_NBR) values ('kuali.atp.2008Winter_RT', '2008Winter', '2008Winter', '250A859D754B4E8CA2F6B1B85F42B34A', 0)
/
insert into KSAP_RICH_TEXT_T (ID, FORMATTED, PLAIN, OBJ_ID, VER_NBR) values ('kuali.atp.2009Spring_RT', '2009Spring', '2009Spring', '29FDE590284D4DACA0927AB9805F5391', 0)
/
insert into KSAP_RICH_TEXT_T (ID, FORMATTED, PLAIN, OBJ_ID, VER_NBR) values ('kuali.atp.2009Summer1_RT', '2009Summer1', '2009Summer1', '3637BF711E164148A2C5A576BF108CFA', 0)
/
insert into KSAP_RICH_TEXT_T (ID, FORMATTED, PLAIN, OBJ_ID, VER_NBR) values ('kuali.atp.2009Summer2_RT', '2009Summer2', '2009Summer2', '047641D769BB4FD28ABBB315AFBFBDAF', 0)
/
insert into KSAP_RICH_TEXT_T (ID, FORMATTED, PLAIN, OBJ_ID, VER_NBR) values ('kuali.atp.2009Fall_RT', '2009Fall', '2009Fall', 'F788C7FE050B467F81F6A349D37BBFC7', 0)
/
insert into KSAP_RICH_TEXT_T (ID, FORMATTED, PLAIN, OBJ_ID, VER_NBR) values ('kuali.atp.2009Winter_RT', '2009Winter', '2009Winter', '41D3557080344BF3AB3FA59A976F588F', 0)
/
insert into KSAP_RICH_TEXT_T (ID, FORMATTED, PLAIN, OBJ_ID, VER_NBR) values ('kuali.atp.2010Spring_RT', '2010Spring', '2010Spring', '8345D9827F1A4737B70EB9BDB56826F2', 0)
/
insert into KSAP_RICH_TEXT_T (ID, FORMATTED, PLAIN, OBJ_ID, VER_NBR) values ('kuali.atp.2010Summer1_RT', '2010Summer1', '2010Summer1', '8AF13A38586347A8AF6E407236BCFCE4', 0)
/
insert into KSAP_RICH_TEXT_T (ID, FORMATTED, PLAIN, OBJ_ID, VER_NBR) values ('kuali.atp.2010Summer2_RT', '2010Summer2', '2010Summer2', 'ACFF09CE2BA74BFBA18AE97DC08FDB39', 0)
/
insert into KSAP_RICH_TEXT_T (ID, FORMATTED, PLAIN, OBJ_ID, VER_NBR) values ('kuali.atp.2010Fall_RT', '2010Fall', '2010Fall', '60927969A0C848F49E74351544FE6D37', 0)
/
insert into KSAP_RICH_TEXT_T (ID, FORMATTED, PLAIN, OBJ_ID, VER_NBR) values ('kuali.atp.2010Winter_RT', '2010Winter', '2010Winter', '2BED52799D7042F5987C2DB9FAAD6474', 0)
/
insert into KSAP_RICH_TEXT_T (ID, FORMATTED, PLAIN, OBJ_ID, VER_NBR) values ('kuali.atp.2011Spring_RT', '2011Spring', '2011Spring', '3CAE9EEAEC1B480C8FC59344F2C6A218', 0)
/
insert into KSAP_RICH_TEXT_T (ID, FORMATTED, PLAIN, OBJ_ID, VER_NBR) values ('kuali.atp.2011Summer1_RT', '2011Summer1', '2011Summer1', '67C96A4050E14E7DB1779DD61B97E3F2', 0)
/
insert into KSAP_RICH_TEXT_T (ID, FORMATTED, PLAIN, OBJ_ID, VER_NBR) values ('kuali.atp.2011Summer2_RT', '2011Summer2', '2011Summer2', '34386595A1C540D49E5B682A0AEF8E66', 0)
/
insert into KSAP_RICH_TEXT_T (ID, FORMATTED, PLAIN, OBJ_ID, VER_NBR) values ('kuali.atp.2011Fall_RT', '2011Fall', '2011Fall', '68FF32AFD1EA4981A492ADD6FB85A152', 0)
/
insert into KSAP_RICH_TEXT_T (ID, FORMATTED, PLAIN, OBJ_ID, VER_NBR) values ('kuali.atp.2011Winter_RT', '2011Winter', '2011Winter', '2369EE8705C043C293CA0A489BAB03C0', 0)
/
insert into KSAP_RICH_TEXT_T (ID, FORMATTED, PLAIN, OBJ_ID, VER_NBR) values ('kuali.atp.2012Spring_RT', '2012Spring', '2012Spring', '455D9D9C89314055AEE027AB38A479B0', 0)
/
insert into KSAP_RICH_TEXT_T (ID, FORMATTED, PLAIN, OBJ_ID, VER_NBR) values ('kuali.atp.2012Summer1_RT', '2012Summer1', '2012Summer1', '05B5D58F90C44FE09185A9BB21F06457', 0)
/
insert into KSAP_RICH_TEXT_T (ID, FORMATTED, PLAIN, OBJ_ID, VER_NBR) values ('kuali.atp.2012Summer2_RT', '2012Summer2', '2012Summer2', '976A332492434537881C5D8F4395C6F9', 0)
/
insert into KSAP_RICH_TEXT_T (ID, FORMATTED, PLAIN, OBJ_ID, VER_NBR) values ('kuali.atp.2012Fall_RT', '2012Fall', '2012Fall', '966C27C7BD454829B0B39A70EB56DC69', 0)
/
insert into KSAP_RICH_TEXT_T (ID, FORMATTED, PLAIN, OBJ_ID, VER_NBR) values ('kuali.atp.2012Winter_RT', '2012Winter', '2012Winter', '9F74766C14594A1397D4348619ACB1DD', 0)
/
insert into KSAP_RICH_TEXT_T (ID, FORMATTED, PLAIN, OBJ_ID, VER_NBR) values ('kuali.atp.2013Spring_RT', '2013Spring', '2013Spring', '5D9FC8B340CB4C5EB81FB2DA18081E57', 0)
/
insert into KSAP_RICH_TEXT_T (ID, FORMATTED, PLAIN, OBJ_ID, VER_NBR) values ('kuali.atp.2013Summer1_RT', '2013Summer1', '2013Summer1', 'BF612A6F38CC4E2E9761EA12B6D972AE', 0)
/
insert into KSAP_RICH_TEXT_T (ID, FORMATTED, PLAIN, OBJ_ID, VER_NBR) values ('kuali.atp.2013Summer2_RT', '2013Summer2', '2013Summer2', 'D1FFB8A5E07544BDA3D1904815CF79E5', 0)
/
insert into KSAP_RICH_TEXT_T (ID, FORMATTED, PLAIN, OBJ_ID, VER_NBR) values ('kuali.atp.2013Fall_RT', '2013Fall', '2013Fall', 'EA436FA779344792A734ED216BF10F82', 0)
/
insert into KSAP_RICH_TEXT_T (ID, FORMATTED, PLAIN, OBJ_ID, VER_NBR) values ('kuali.atp.2013Winter_RT', '2013Winter', '2013Winter', '4646B4C3DAC34A3D8C1C5026D1811ACE', 0)
/
insert into KSAP_RICH_TEXT_T (ID, FORMATTED, PLAIN, OBJ_ID, VER_NBR) values ('kuali.atp.2014Spring_RT', '2014Spring', '2014Spring', 'C6C4405994E84EE5B1E3A96CC22467F8', 0)
/
insert into KSAP_RICH_TEXT_T (ID, FORMATTED, PLAIN, OBJ_ID, VER_NBR) values ('kuali.atp.2014Summer1_RT', '2014Summer1', '2014Summer1', '43A86401C92A4F65886332CE7FBB651E', 0)
/
insert into KSAP_RICH_TEXT_T (ID, FORMATTED, PLAIN, OBJ_ID, VER_NBR) values ('kuali.atp.2014Summer2_RT', '2014Summer2', '2014Summer2', 'DEED6252D5214E159208A10AF1A6E0F7', 0)
/
insert into KSAP_RICH_TEXT_T (ID, FORMATTED, PLAIN, OBJ_ID, VER_NBR) values ('kuali.atp.2014Fall_RT', '2014Fall', '2014Fall', '0E76170E495A4EC989C66EEF304FC055', 0)
/
insert into KSAP_RICH_TEXT_T (ID, FORMATTED, PLAIN, OBJ_ID, VER_NBR) values ('kuali.atp.2014Winter_RT', '2014Winter', '2014Winter', 'DDBBBA9310A1446882645DE9854884ED', 0)
/
insert into KSAP_RICH_TEXT_T (ID, FORMATTED, PLAIN, OBJ_ID, VER_NBR) values ('kuali.atp.2015Spring_RT', '2015Spring', '2015Spring', '789AD6CF73034B9F940B2BDF7CC50E65', 0)
/
insert into KSAP_RICH_TEXT_T (ID, FORMATTED, PLAIN, OBJ_ID, VER_NBR) values ('kuali.atp.2015Summer1_RT', '2015Summer1', '2015Summer1', '82F289DC97E54073A7CC4746BB793FE4', 0)
/
insert into KSAP_RICH_TEXT_T (ID, FORMATTED, PLAIN, OBJ_ID, VER_NBR) values ('kuali.atp.2015Summer2_RT', '2015Summer2', '2015Summer2', '3AF85FB60596401CB5FDBE01C942A397', 0)
/
insert into KSAP_RICH_TEXT_T (ID, FORMATTED, PLAIN, OBJ_ID, VER_NBR) values ('kuali.atp.2015Fall_RT', '2015Fall', '2015Fall', '1AF9E1ECA55C45EB8B3CBE3074124094', 0)
/
insert into KSAP_RICH_TEXT_T (ID, FORMATTED, PLAIN, OBJ_ID, VER_NBR) values ('kuali.atp.2015Winter_RT', '2015Winter', '2015Winter', '25E55AD0CD8446EAADF5621D2D4506CD', 0)
/
insert into KSAP_RICH_TEXT_T (ID, FORMATTED, PLAIN, OBJ_ID, VER_NBR) values ('kuali.atp.2016Spring_RT', '2016Spring', '2016Spring', '0A03EAFDFF7F4D0FA5F437C044A6C50D', 0)
/
insert into KSAP_RICH_TEXT_T (ID, FORMATTED, PLAIN, OBJ_ID, VER_NBR) values ('kuali.atp.2016Summer1_RT', '2016Summer1', '2016Summer1', '6E08576B4F4B4899B7264474BF586BEF', 0)
/
insert into KSAP_RICH_TEXT_T (ID, FORMATTED, PLAIN, OBJ_ID, VER_NBR) values ('kuali.atp.2016Summer2_RT', '2016Summer2', '2016Summer2', 'DE8E30752BEC46379BB9A58D23FFDE1A', 0)
/
insert into KSAP_RICH_TEXT_T (ID, FORMATTED, PLAIN, OBJ_ID, VER_NBR) values ('kuali.atp.2016Fall_RT', '2016Fall', '2016Fall', '002670C6627247E38427B3912C87AFAC', 0)
/
insert into KSAP_RICH_TEXT_T (ID, FORMATTED, PLAIN, OBJ_ID, VER_NBR) values ('kuali.atp.2016Winter_RT', '2016Winter', '2016Winter', 'BE117A9F3BA041409C2FE3A2C40D34EA', 0)
/
insert into KSAP_ATP (ID, CREATEID, CREATETIME, UPDATEID, UPDATETIME, VER_NBR, END_DT, NAME, START_DT, STATE, RT_DESCR_ID, TYPE, OBJ_ID) values ('kuali.atp.1984Spring', null, null, null, null, 0, TIMESTAMP '1984-05-28 00:00:00', '1984Spring', TIMESTAMP '1984-01-01 00:00:00', 'Active', 'kuali.atp.1984Spring_RT', 'kuali.atp.type.Spring', '5EE5495C2F624D7CACE5D26BF8216415')
/
insert into KSAP_ATP (ID, CREATEID, CREATETIME, UPDATEID, UPDATETIME, VER_NBR, END_DT, NAME, START_DT, STATE, RT_DESCR_ID, TYPE, OBJ_ID) values ('kuali.atp.1984Summer1', null, null, null, null, 0, TIMESTAMP '1984-07-09 00:00:00', '1984Summer1', TIMESTAMP '1984-05-29 00:00:00', 'Active', 'kuali.atp.1984Summer1_RT', 'kuali.atp.type.Summer1', 'B791214FE5AE4C29AA6852D7F5D4410A')
/
insert into KSAP_ATP (ID, CREATEID, CREATETIME, UPDATEID, UPDATETIME, VER_NBR, END_DT, NAME, START_DT, STATE, RT_DESCR_ID, TYPE, OBJ_ID) values ('kuali.atp.1984Summer2', null, null, null, null, 0, TIMESTAMP '1984-09-03 00:00:00', '1984Summer2', TIMESTAMP '1984-07-10 00:00:00', 'Active', 'kuali.atp.1984Summer2_RT', 'kuali.atp.type.Summer2', '5BFAB6ECE9434FC1BA6C558756E7888E')
/
insert into KSAP_ATP (ID, CREATEID, CREATETIME, UPDATEID, UPDATETIME, VER_NBR, END_DT, NAME, START_DT, STATE, RT_DESCR_ID, TYPE, OBJ_ID) values ('kuali.atp.1984Fall', null, null, null, null, 0, TIMESTAMP '1985-01-22 00:00:00', '1984Fall', TIMESTAMP '1984-09-04 00:00:00', 'Active', 'kuali.atp.1984Fall_RT', 'kuali.atp.type.Fall', '4DBD2A07A3FD442D9B4FA115B39C7E7B')
/
insert into KSAP_ATP (ID, CREATEID, CREATETIME, UPDATEID, UPDATETIME, VER_NBR, END_DT, NAME, START_DT, STATE, RT_DESCR_ID, TYPE, OBJ_ID) values ('kuali.atp.1985Spring', null, null, null, null, 0, TIMESTAMP '1985-05-30 00:00:00', '1985Spring', TIMESTAMP '1985-01-23 00:00:00', 'Active', 'kuali.atp.1985Spring_RT', 'kuali.atp.type.Spring', 'E704FAC9EA9B4184BAE0D369B0B6987D')
/
insert into KSAP_ATP (ID, CREATEID, CREATETIME, UPDATEID, UPDATETIME, VER_NBR, END_DT, NAME, START_DT, STATE, RT_DESCR_ID, TYPE, OBJ_ID) values ('kuali.atp.1985Summer1', null, null, null, null, 0, TIMESTAMP '1985-07-12 00:00:00', '1985Summer1', TIMESTAMP '1985-06-01 00:00:00', 'Active', 'kuali.atp.1985Summer1_RT', 'kuali.atp.type.Summer1', 'BEFAE773EE8F43E1A9551D0608D00353')
/
insert into KSAP_ATP (ID, CREATEID, CREATETIME, UPDATEID, UPDATETIME, VER_NBR, END_DT, NAME, START_DT, STATE, RT_DESCR_ID, TYPE, OBJ_ID) values ('kuali.atp.1985Summer2', null, null, null, null, 0, TIMESTAMP '1985-09-02 00:00:00', '1985Summer2', TIMESTAMP '1985-07-13 00:00:00', 'Active', 'kuali.atp.1985Summer2_RT', 'kuali.atp.type.Summer2', '294B19285B2846B2A62ABDB7AF5B4C65')
/
insert into KSAP_ATP (ID, CREATEID, CREATETIME, UPDATEID, UPDATETIME, VER_NBR, END_DT, NAME, START_DT, STATE, RT_DESCR_ID, TYPE, OBJ_ID) values ('kuali.atp.1985Fall', null, null, null, null, 0, TIMESTAMP '1986-01-21 00:00:00', '1985Fall', TIMESTAMP '1985-09-03 00:00:00', 'Active', 'kuali.atp.1985Fall_RT', 'kuali.atp.type.Fall', '7EC0DDD279D9482AB778D1D899373D63')
/
insert into KSAP_ATP (ID, CREATEID, CREATETIME, UPDATEID, UPDATETIME, VER_NBR, END_DT, NAME, START_DT, STATE, RT_DESCR_ID, TYPE, OBJ_ID) values ('kuali.atp.1986Spring', null, null, null, null, 0, TIMESTAMP '1986-06-01 00:00:00', '1986Spring', TIMESTAMP '1986-01-22 00:00:00', 'Active', 'kuali.atp.1986Spring_RT', 'kuali.atp.type.Spring', '3C3DB42614F44B929727A8DEEF4A5F30')
/
insert into KSAP_ATP (ID, CREATEID, CREATETIME, UPDATEID, UPDATETIME, VER_NBR, END_DT, NAME, START_DT, STATE, RT_DESCR_ID, TYPE, OBJ_ID) values ('kuali.atp.1986Summer1', null, null, null, null, 0, TIMESTAMP '1986-07-13 00:00:00', '1986Summer1', TIMESTAMP '1986-06-02 00:00:00', 'Active', 'kuali.atp.1986Summer1_RT', 'kuali.atp.type.Summer1', 'C75BFC76C09548D1AA657B6F58F5BD4E')
/
insert into KSAP_ATP (ID, CREATEID, CREATETIME, UPDATEID, UPDATETIME, VER_NBR, END_DT, NAME, START_DT, STATE, RT_DESCR_ID, TYPE, OBJ_ID) values ('kuali.atp.1986Summer2', null, null, null, null, 0, TIMESTAMP '1986-09-01 00:00:00', '1986Summer2', TIMESTAMP '1986-07-14 00:00:00', 'Active', 'kuali.atp.1986Summer2_RT', 'kuali.atp.type.Summer2', '9BA0665D06BF4FE6BE895D9331AD1182')
/
insert into KSAP_ATP (ID, CREATEID, CREATETIME, UPDATEID, UPDATETIME, VER_NBR, END_DT, NAME, START_DT, STATE, RT_DESCR_ID, TYPE, OBJ_ID) values ('kuali.atp.1986Fall', null, null, null, null, 0, TIMESTAMP '1987-01-25 00:00:00', '1986Fall', TIMESTAMP '1986-09-02 00:00:00', 'Active', 'kuali.atp.1986Fall_RT', 'kuali.atp.type.Fall', '38B42A8B765144349B5D922D8FC35085')
/
insert into KSAP_ATP (ID, CREATEID, CREATETIME, UPDATEID, UPDATETIME, VER_NBR, END_DT, NAME, START_DT, STATE, RT_DESCR_ID, TYPE, OBJ_ID) values ('kuali.atp.1987Spring', null, null, null, null, 0, TIMESTAMP '1987-05-31 00:00:00', '1987Spring', TIMESTAMP '1987-01-26 00:00:00', 'Active', 'kuali.atp.1987Spring_RT', 'kuali.atp.type.Spring', '5E2A0A575F50433E865A8C46809E1061')
/
insert into KSAP_ATP (ID, CREATEID, CREATETIME, UPDATEID, UPDATETIME, VER_NBR, END_DT, NAME, START_DT, STATE, RT_DESCR_ID, TYPE, OBJ_ID) values ('kuali.atp.1987Summer1', null, null, null, null, 0, TIMESTAMP '1987-07-12 00:00:00', '1987Summer1', TIMESTAMP '1987-06-01 00:00:00', 'Active', 'kuali.atp.1987Summer1_RT', 'kuali.atp.type.Summer1', '385092AF0F394195A0CBC0EC95FA7CDB')
/
insert into KSAP_ATP (ID, CREATEID, CREATETIME, UPDATEID, UPDATETIME, VER_NBR, END_DT, NAME, START_DT, STATE, RT_DESCR_ID, TYPE, OBJ_ID) values ('kuali.atp.1987Summer2', null, null, null, null, 0, TIMESTAMP '1987-08-31 00:00:00', '1987Summer2', TIMESTAMP '1987-07-13 00:00:00', 'Active', 'kuali.atp.1987Summer2_RT', 'kuali.atp.type.Summer2', '9115781856764D59BD942B43F0E6A95A')
/
insert into KSAP_ATP (ID, CREATEID, CREATETIME, UPDATEID, UPDATETIME, VER_NBR, END_DT, NAME, START_DT, STATE, RT_DESCR_ID, TYPE, OBJ_ID) values ('kuali.atp.1987Fall', null, null, null, null, 0, TIMESTAMP '1988-01-24 00:00:00', '1987Fall', TIMESTAMP '1987-09-01 00:00:00', 'Active', 'kuali.atp.1987Fall_RT', 'kuali.atp.type.Fall', '745126D660614FF1BDC80ED9F512E900')
/
insert into KSAP_ATP (ID, CREATEID, CREATETIME, UPDATEID, UPDATETIME, VER_NBR, END_DT, NAME, START_DT, STATE, RT_DESCR_ID, TYPE, OBJ_ID) values ('kuali.atp.1988Spring', null, null, null, null, 0, TIMESTAMP '1988-05-28 00:00:00', '1988Spring', TIMESTAMP '1988-01-25 00:00:00', 'Active', 'kuali.atp.1988Spring_RT', 'kuali.atp.type.Spring', 'F1E79F4A705440F9AA762AC9046DE2AF')
/
insert into KSAP_ATP (ID, CREATEID, CREATETIME, UPDATEID, UPDATETIME, VER_NBR, END_DT, NAME, START_DT, STATE, RT_DESCR_ID, TYPE, OBJ_ID) values ('kuali.atp.1988Summer1', null, null, null, null, 0, TIMESTAMP '1988-07-09 00:00:00', '1988Summer1', TIMESTAMP '1988-05-29 00:00:00', 'Active', 'kuali.atp.1988Summer1_RT', 'kuali.atp.type.Summer1', '2D795F5F965744879E4AA48605C25325')
/
insert into KSAP_ATP (ID, CREATEID, CREATETIME, UPDATEID, UPDATETIME, VER_NBR, END_DT, NAME, START_DT, STATE, RT_DESCR_ID, TYPE, OBJ_ID) values ('kuali.atp.1988Summer2', null, null, null, null, 0, TIMESTAMP '1988-09-01 00:00:00', '1988Summer2', TIMESTAMP '1988-07-10 00:00:00', 'Active', 'kuali.atp.1988Summer2_RT', 'kuali.atp.type.Summer2', '85742041527B43D8BBD67413E2FFDAFB')
/
insert into KSAP_ATP (ID, CREATEID, CREATETIME, UPDATEID, UPDATETIME, VER_NBR, END_DT, NAME, START_DT, STATE, RT_DESCR_ID, TYPE, OBJ_ID) values ('kuali.atp.1988Fall', null, null, null, null, 0, TIMESTAMP '1989-01-22 00:00:00', '1988Fall', TIMESTAMP '1988-09-02 00:00:00', 'Active', 'kuali.atp.1988Fall_RT', 'kuali.atp.type.Fall', '63791A01430140C49BF89516B4807463')
/
insert into KSAP_ATP (ID, CREATEID, CREATETIME, UPDATEID, UPDATETIME, VER_NBR, END_DT, NAME, START_DT, STATE, RT_DESCR_ID, TYPE, OBJ_ID) values ('kuali.atp.1989Spring', null, null, null, null, 0, TIMESTAMP '1989-05-29 00:00:00', '1989Spring', TIMESTAMP '1989-01-23 00:00:00', 'Active', 'kuali.atp.1989Spring_RT', 'kuali.atp.type.Spring', 'D79DBB026DD746A3BD70EA30F88CE119')
/
insert into KSAP_ATP (ID, CREATEID, CREATETIME, UPDATEID, UPDATETIME, VER_NBR, END_DT, NAME, START_DT, STATE, RT_DESCR_ID, TYPE, OBJ_ID) values ('kuali.atp.1989Summer1', null, null, null, null, 0, TIMESTAMP '1989-07-15 00:00:00', '1989Summer1', TIMESTAMP '1989-05-30 00:00:00', 'Active', 'kuali.atp.1989Summer1_RT', 'kuali.atp.type.Summer1', '768AF8FF7A854A1E81FFCA4B78DFE05D')
/
insert into KSAP_ATP (ID, CREATEID, CREATETIME, UPDATEID, UPDATETIME, VER_NBR, END_DT, NAME, START_DT, STATE, RT_DESCR_ID, TYPE, OBJ_ID) values ('kuali.atp.1989Summer2', null, null, null, null, 0, TIMESTAMP '1989-09-01 00:00:00', '1989Summer2', TIMESTAMP '1989-07-16 00:00:00', 'Active', 'kuali.atp.1989Summer2_RT', 'kuali.atp.type.Summer2', 'E0717897B48F473DAFB21FB255F96C8A')
/
insert into KSAP_ATP (ID, CREATEID, CREATETIME, UPDATEID, UPDATETIME, VER_NBR, END_DT, NAME, START_DT, STATE, RT_DESCR_ID, TYPE, OBJ_ID) values ('kuali.atp.1989Fall', null, null, null, null, 0, TIMESTAMP '1990-01-21 00:00:00', '1989Fall', TIMESTAMP '1989-09-02 00:00:00', 'Active', 'kuali.atp.1989Fall_RT', 'kuali.atp.type.Fall', 'DB73B20E348D41E0B2B3FEF0A548116D')
/
insert into KSAP_ATP (ID, CREATEID, CREATETIME, UPDATEID, UPDATETIME, VER_NBR, END_DT, NAME, START_DT, STATE, RT_DESCR_ID, TYPE, OBJ_ID) values ('kuali.atp.1990Spring', null, null, null, null, 0, TIMESTAMP '1990-05-28 00:00:00', '1990Spring', TIMESTAMP '1990-01-22 00:00:00', 'Active', 'kuali.atp.1990Spring_RT', 'kuali.atp.type.Spring', '7EB743A6832C4D688AC79DB208E01CB5')
/
insert into KSAP_ATP (ID, CREATEID, CREATETIME, UPDATEID, UPDATETIME, VER_NBR, END_DT, NAME, START_DT, STATE, RT_DESCR_ID, TYPE, OBJ_ID) values ('kuali.atp.1990Summer1', null, null, null, null, 0, TIMESTAMP '1990-07-14 00:00:00', '1990Summer1', TIMESTAMP '1990-05-29 00:00:00', 'Active', 'kuali.atp.1990Summer1_RT', 'kuali.atp.type.Summer1', 'D02C1275D0E641C39CE1BD8F95BCF0B8')
/
insert into KSAP_ATP (ID, CREATEID, CREATETIME, UPDATEID, UPDATETIME, VER_NBR, END_DT, NAME, START_DT, STATE, RT_DESCR_ID, TYPE, OBJ_ID) values ('kuali.atp.1990Summer2', null, null, null, null, 0, TIMESTAMP '1990-08-31 00:00:00', '1990Summer2', TIMESTAMP '1990-07-15 00:00:00', 'Active', 'kuali.atp.1990Summer2_RT', 'kuali.atp.type.Summer2', 'A37FB84993734D8AA01611715F969AB1')
/
insert into KSAP_ATP (ID, CREATEID, CREATETIME, UPDATEID, UPDATETIME, VER_NBR, END_DT, NAME, START_DT, STATE, RT_DESCR_ID, TYPE, OBJ_ID) values ('kuali.atp.1990Fall', null, null, null, null, 0, TIMESTAMP '1991-01-20 00:00:00', '1990Fall', TIMESTAMP '1990-09-01 00:00:00', 'Active', 'kuali.atp.1990Fall_RT', 'kuali.atp.type.Fall', 'F3B27A470A4F46998C37CB6C335AC795')
/
insert into KSAP_ATP (ID, CREATEID, CREATETIME, UPDATEID, UPDATETIME, VER_NBR, END_DT, NAME, START_DT, STATE, RT_DESCR_ID, TYPE, OBJ_ID) values ('kuali.atp.1991Spring', null, null, null, null, 0, TIMESTAMP '1991-05-27 00:00:00', '1991Spring', TIMESTAMP '1991-01-21 00:00:00', 'Active', 'kuali.atp.1991Spring_RT', 'kuali.atp.type.Spring', '0CE61D9461EA4587B3171448E500045C')
/
insert into KSAP_ATP (ID, CREATEID, CREATETIME, UPDATEID, UPDATETIME, VER_NBR, END_DT, NAME, START_DT, STATE, RT_DESCR_ID, TYPE, OBJ_ID) values ('kuali.atp.1991Summer1', null, null, null, null, 0, TIMESTAMP '1991-07-13 00:00:00', '1991Summer1', TIMESTAMP '1991-05-28 00:00:00', 'Active', 'kuali.atp.1991Summer1_RT', 'kuali.atp.type.Summer1', '28DF11C903354923B756D613F3A6C690')
/
insert into KSAP_ATP (ID, CREATEID, CREATETIME, UPDATEID, UPDATETIME, VER_NBR, END_DT, NAME, START_DT, STATE, RT_DESCR_ID, TYPE, OBJ_ID) values ('kuali.atp.1991Summer2', null, null, null, null, 0, TIMESTAMP '1991-08-30 00:00:00', '1991Summer2', TIMESTAMP '1991-07-14 00:00:00', 'Active', 'kuali.atp.1991Summer2_RT', 'kuali.atp.type.Summer2', '3A86272B76EE4733AE949E482370A3CC')
/
insert into KSAP_ATP (ID, CREATEID, CREATETIME, UPDATEID, UPDATETIME, VER_NBR, END_DT, NAME, START_DT, STATE, RT_DESCR_ID, TYPE, OBJ_ID) values ('kuali.atp.1991Fall', null, null, null, null, 0, TIMESTAMP '1992-01-19 00:00:00', '1991Fall', TIMESTAMP '1991-08-31 00:00:00', 'Active', 'kuali.atp.1991Fall_RT', 'kuali.atp.type.Fall', 'E4B29BCE26674836ACEF6071D859FC07')
/
insert into KSAP_ATP (ID, CREATEID, CREATETIME, UPDATEID, UPDATETIME, VER_NBR, END_DT, NAME, START_DT, STATE, RT_DESCR_ID, TYPE, OBJ_ID) values ('kuali.atp.1992Spring', null, null, null, null, 0, TIMESTAMP '1992-05-25 00:00:00', '1992Spring', TIMESTAMP '1992-01-20 00:00:00', 'Active', 'kuali.atp.1992Spring_RT', 'kuali.atp.type.Spring', '74B26275AB844CBB8213E67211C2347C')
/
insert into KSAP_ATP (ID, CREATEID, CREATETIME, UPDATEID, UPDATETIME, VER_NBR, END_DT, NAME, START_DT, STATE, RT_DESCR_ID, TYPE, OBJ_ID) values ('kuali.atp.1992Summer1', null, null, null, null, 0, TIMESTAMP '1992-07-11 00:00:00', '1992Summer1', TIMESTAMP '1992-05-26 00:00:00', 'Active', 'kuali.atp.1992Summer1_RT', 'kuali.atp.type.Summer1', 'EFFFAA6094184C9689642891FDD2835D')
/
insert into KSAP_ATP (ID, CREATEID, CREATETIME, UPDATEID, UPDATETIME, VER_NBR, END_DT, NAME, START_DT, STATE, RT_DESCR_ID, TYPE, OBJ_ID) values ('kuali.atp.1992Summer2', null, null, null, null, 0, TIMESTAMP '1992-08-28 00:00:00', '1992Summer2', TIMESTAMP '1992-07-12 00:00:00', 'Active', 'kuali.atp.1992Summer2_RT', 'kuali.atp.type.Summer2', '3EB51336F7604E47AE1EBFD9214AD181')
/
insert into KSAP_ATP (ID, CREATEID, CREATETIME, UPDATEID, UPDATETIME, VER_NBR, END_DT, NAME, START_DT, STATE, RT_DESCR_ID, TYPE, OBJ_ID) values ('kuali.atp.1992Fall', null, null, null, null, 0, TIMESTAMP '1993-01-17 00:00:00', '1992Fall', TIMESTAMP '1992-08-29 00:00:00', 'Active', 'kuali.atp.1992Fall_RT', 'kuali.atp.type.Fall', 'A8B3E1522A194694BD2AC71AE8074540')
/
insert into KSAP_ATP (ID, CREATEID, CREATETIME, UPDATEID, UPDATETIME, VER_NBR, END_DT, NAME, START_DT, STATE, RT_DESCR_ID, TYPE, OBJ_ID) values ('kuali.atp.1993Spring', null, null, null, null, 0, TIMESTAMP '1993-05-24 00:00:00', '1993Spring', TIMESTAMP '1993-01-18 00:00:00', 'Active', 'kuali.atp.1993Spring_RT', 'kuali.atp.type.Spring', '111E7A0180D140CABB1FE565921F2DA8')
/
insert into KSAP_ATP (ID, CREATEID, CREATETIME, UPDATEID, UPDATETIME, VER_NBR, END_DT, NAME, START_DT, STATE, RT_DESCR_ID, TYPE, OBJ_ID) values ('kuali.atp.1993Summer1', null, null, null, null, 0, TIMESTAMP '1993-07-18 00:00:00', '1993Summer1', TIMESTAMP '1993-05-25 00:00:00', 'Active', 'kuali.atp.1993Summer1_RT', 'kuali.atp.type.Summer1', '54437490458C4482AD82C8A6082A7AD5')
/
insert into KSAP_ATP (ID, CREATEID, CREATETIME, UPDATEID, UPDATETIME, VER_NBR, END_DT, NAME, START_DT, STATE, RT_DESCR_ID, TYPE, OBJ_ID) values ('kuali.atp.1993Summer2', null, null, null, null, 0, TIMESTAMP '1993-08-30 00:00:00', '1993Summer2', TIMESTAMP '1993-07-19 00:00:00', 'Active', 'kuali.atp.1993Summer2_RT', 'kuali.atp.type.Summer2', 'E9972E63179345AF8CC9C24D726C3BB5')
/
insert into KSAP_ATP (ID, CREATEID, CREATETIME, UPDATEID, UPDATETIME, VER_NBR, END_DT, NAME, START_DT, STATE, RT_DESCR_ID, TYPE, OBJ_ID) values ('kuali.atp.1993Fall', null, null, null, null, 0, TIMESTAMP '1994-01-16 00:00:00', '1993Fall', TIMESTAMP '1993-08-31 00:00:00', 'Active', 'kuali.atp.1993Fall_RT', 'kuali.atp.type.Fall', 'C05593123E6A463D8739486C7639DC92')
/
insert into KSAP_ATP (ID, CREATEID, CREATETIME, UPDATEID, UPDATETIME, VER_NBR, END_DT, NAME, START_DT, STATE, RT_DESCR_ID, TYPE, OBJ_ID) values ('kuali.atp.1994Spring', null, null, null, null, 0, TIMESTAMP '1994-05-23 00:00:00', '1994Spring', TIMESTAMP '1994-01-17 00:00:00', 'Active', 'kuali.atp.1994Spring_RT', 'kuali.atp.type.Spring', 'FE271E704C2547DEAE0F74D269233289')
/
insert into KSAP_ATP (ID, CREATEID, CREATETIME, UPDATEID, UPDATETIME, VER_NBR, END_DT, NAME, START_DT, STATE, RT_DESCR_ID, TYPE, OBJ_ID) values ('kuali.atp.1994Summer1', null, null, null, null, 0, TIMESTAMP '1994-07-17 00:00:00', '1994Summer1', TIMESTAMP '1994-05-24 00:00:00', 'Active', 'kuali.atp.1994Summer1_RT', 'kuali.atp.type.Summer1', '49A324E8F8024FE0B7004142AB10BA44')
/
insert into KSAP_ATP (ID, CREATEID, CREATETIME, UPDATEID, UPDATETIME, VER_NBR, END_DT, NAME, START_DT, STATE, RT_DESCR_ID, TYPE, OBJ_ID) values ('kuali.atp.1994Summer2', null, null, null, null, 0, TIMESTAMP '1994-08-29 00:00:00', '1994Summer2', TIMESTAMP '1994-07-18 00:00:00', 'Active', 'kuali.atp.1994Summer2_RT', 'kuali.atp.type.Summer2', '11BC180C5BBE4E16A667A59E87351B8E')
/
insert into KSAP_ATP (ID, CREATEID, CREATETIME, UPDATEID, UPDATETIME, VER_NBR, END_DT, NAME, START_DT, STATE, RT_DESCR_ID, TYPE, OBJ_ID) values ('kuali.atp.1994Fall', null, null, null, null, 0, TIMESTAMP '1995-01-14 00:00:00', '1994Fall', TIMESTAMP '1994-08-30 00:00:00', 'Active', 'kuali.atp.1994Fall_RT', 'kuali.atp.type.Fall', '391DCA64C7EA4D68A574E1C3CA492497')
/
insert into KSAP_ATP (ID, CREATEID, CREATETIME, UPDATEID, UPDATETIME, VER_NBR, END_DT, NAME, START_DT, STATE, RT_DESCR_ID, TYPE, OBJ_ID) values ('kuali.atp.1994Winter', null, null, null, null, 0, TIMESTAMP '1995-01-16 00:00:00', '1994Winter', TIMESTAMP '1995-01-15 00:00:00', 'Active', 'kuali.atp.1994Winter_RT', 'kuali.atp.type.Winter', '50A20A4E38044644B238228427C2974C')
/
insert into KSAP_ATP (ID, CREATEID, CREATETIME, UPDATEID, UPDATETIME, VER_NBR, END_DT, NAME, START_DT, STATE, RT_DESCR_ID, TYPE, OBJ_ID) values ('kuali.atp.1995Spring', null, null, null, null, 0, TIMESTAMP '1995-05-24 00:00:00', '1995Spring', TIMESTAMP '1995-01-17 00:00:00', 'Active', 'kuali.atp.1995Spring_RT', 'kuali.atp.type.Spring', 'A7214B1A2FE9450DB11983AE8EFFD88C')
/
insert into KSAP_ATP (ID, CREATEID, CREATETIME, UPDATEID, UPDATETIME, VER_NBR, END_DT, NAME, START_DT, STATE, RT_DESCR_ID, TYPE, OBJ_ID) values ('kuali.atp.1995Summer1', null, null, null, null, 0, TIMESTAMP '1995-07-16 00:00:00', '1995Summer1', TIMESTAMP '1995-05-25 00:00:00', 'Active', 'kuali.atp.1995Summer1_RT', 'kuali.atp.type.Summer1', 'B9A6A81F299048669B30F10998CBF762')
/
insert into KSAP_ATP (ID, CREATEID, CREATETIME, UPDATEID, UPDATETIME, VER_NBR, END_DT, NAME, START_DT, STATE, RT_DESCR_ID, TYPE, OBJ_ID) values ('kuali.atp.1995Summer2', null, null, null, null, 0, TIMESTAMP '1995-08-28 00:00:00', '1995Summer2', TIMESTAMP '1995-07-17 00:00:00', 'Active', 'kuali.atp.1995Summer2_RT', 'kuali.atp.type.Summer2', 'E5C82A946CFC4A1DBE4F25145150E014')
/
insert into KSAP_ATP (ID, CREATEID, CREATETIME, UPDATEID, UPDATETIME, VER_NBR, END_DT, NAME, START_DT, STATE, RT_DESCR_ID, TYPE, OBJ_ID) values ('kuali.atp.1995Fall', null, null, null, null, 0, TIMESTAMP '1995-12-24 00:00:00', '1995Fall', TIMESTAMP '1995-08-29 00:00:00', 'Active', 'kuali.atp.1995Fall_RT', 'kuali.atp.type.Fall', 'D5FE684EE0D345328629820ADB29E67A')
/
insert into KSAP_ATP (ID, CREATEID, CREATETIME, UPDATEID, UPDATETIME, VER_NBR, END_DT, NAME, START_DT, STATE, RT_DESCR_ID, TYPE, OBJ_ID) values ('kuali.atp.1995Winter', null, null, null, null, 0, TIMESTAMP '1996-01-27 00:00:00', '1995Winter', TIMESTAMP '1995-12-25 00:00:00', 'Active', 'kuali.atp.1995Winter_RT', 'kuali.atp.type.Winter', '8A521FEDE87E4A71895BAF4F5670C462')
/
insert into KSAP_ATP (ID, CREATEID, CREATETIME, UPDATEID, UPDATETIME, VER_NBR, END_DT, NAME, START_DT, STATE, RT_DESCR_ID, TYPE, OBJ_ID) values ('kuali.atp.1996Spring', null, null, null, null, 0, TIMESTAMP '1996-05-26 00:00:00', '1996Spring', TIMESTAMP '1996-01-28 00:00:00', 'Active', 'kuali.atp.1996Spring_RT', 'kuali.atp.type.Spring', '31621A04B26F456CA6215720362BAF9A')
/
insert into KSAP_ATP (ID, CREATEID, CREATETIME, UPDATEID, UPDATETIME, VER_NBR, END_DT, NAME, START_DT, STATE, RT_DESCR_ID, TYPE, OBJ_ID) values ('kuali.atp.1996Summer1', null, null, null, null, 0, TIMESTAMP '1996-07-14 00:00:00', '1996Summer1', TIMESTAMP '1996-05-27 00:00:00', 'Active', 'kuali.atp.1996Summer1_RT', 'kuali.atp.type.Summer1', 'E287158AC68246159A109C99321E06DC')
/
insert into KSAP_ATP (ID, CREATEID, CREATETIME, UPDATEID, UPDATETIME, VER_NBR, END_DT, NAME, START_DT, STATE, RT_DESCR_ID, TYPE, OBJ_ID) values ('kuali.atp.1996Summer2', null, null, null, null, 0, TIMESTAMP '1996-08-26 00:00:00', '1996Summer2', TIMESTAMP '1996-07-15 00:00:00', 'Active', 'kuali.atp.1996Summer2_RT', 'kuali.atp.type.Summer2', '310762F8342540B7B45976FB6764BB23')
/
insert into KSAP_ATP (ID, CREATEID, CREATETIME, UPDATEID, UPDATETIME, VER_NBR, END_DT, NAME, START_DT, STATE, RT_DESCR_ID, TYPE, OBJ_ID) values ('kuali.atp.1996Fall', null, null, null, null, 0, TIMESTAMP '1996-12-22 00:00:00', '1996Fall', TIMESTAMP '1996-08-27 00:00:00', 'Active', 'kuali.atp.1996Fall_RT', 'kuali.atp.type.Fall', '5032158447DF4AD4B343BE0A1049E7B3')
/
insert into KSAP_ATP (ID, CREATEID, CREATETIME, UPDATEID, UPDATETIME, VER_NBR, END_DT, NAME, START_DT, STATE, RT_DESCR_ID, TYPE, OBJ_ID) values ('kuali.atp.1996Winter', null, null, null, null, 0, TIMESTAMP '1997-01-28 00:00:00', '1996Winter', TIMESTAMP '1996-12-23 00:00:00', 'Active', 'kuali.atp.1996Winter_RT', 'kuali.atp.type.Winter', '4259361D102A4122B89A90CAFB6A57A2')
/
insert into KSAP_ATP (ID, CREATEID, CREATETIME, UPDATEID, UPDATETIME, VER_NBR, END_DT, NAME, START_DT, STATE, RT_DESCR_ID, TYPE, OBJ_ID) values ('kuali.atp.1997Spring', null, null, null, null, 0, TIMESTAMP '1997-05-27 00:00:00', '1997Spring', TIMESTAMP '1997-01-29 00:00:00', 'Active', 'kuali.atp.1997Spring_RT', 'kuali.atp.type.Spring', 'D27D986636944000914218D7B8F33A8B')
/
insert into KSAP_ATP (ID, CREATEID, CREATETIME, UPDATEID, UPDATETIME, VER_NBR, END_DT, NAME, START_DT, STATE, RT_DESCR_ID, TYPE, OBJ_ID) values ('kuali.atp.1997Summer1', null, null, null, null, 0, TIMESTAMP '1997-07-13 00:00:00', '1997Summer1', TIMESTAMP '1997-05-28 00:00:00', 'Active', 'kuali.atp.1997Summer1_RT', 'kuali.atp.type.Summer1', 'EFC25681E95940A4BC4CA89A9F5A63F2')
/
insert into KSAP_ATP (ID, CREATEID, CREATETIME, UPDATEID, UPDATETIME, VER_NBR, END_DT, NAME, START_DT, STATE, RT_DESCR_ID, TYPE, OBJ_ID) values ('kuali.atp.1997Summer2', null, null, null, null, 0, TIMESTAMP '1997-08-25 00:00:00', '1997Summer2', TIMESTAMP '1997-07-14 00:00:00', 'Active', 'kuali.atp.1997Summer2_RT', 'kuali.atp.type.Summer2', 'F2D0320DCC4A4F46A3D9CF319F8F6F09')
/
insert into KSAP_ATP (ID, CREATEID, CREATETIME, UPDATEID, UPDATETIME, VER_NBR, END_DT, NAME, START_DT, STATE, RT_DESCR_ID, TYPE, OBJ_ID) values ('kuali.atp.1997Fall', null, null, null, null, 0, TIMESTAMP '1997-12-21 00:00:00', '1997Fall', TIMESTAMP '1997-08-26 00:00:00', 'Active', 'kuali.atp.1997Fall_RT', 'kuali.atp.type.Fall', 'B658E39411974025AEEA2208C1707E68')
/
insert into KSAP_ATP (ID, CREATEID, CREATETIME, UPDATEID, UPDATETIME, VER_NBR, END_DT, NAME, START_DT, STATE, RT_DESCR_ID, TYPE, OBJ_ID) values ('kuali.atp.1997Winter', null, null, null, null, 0, TIMESTAMP '1998-01-25 00:00:00', '1997Winter', TIMESTAMP '1997-12-22 00:00:00', 'Active', 'kuali.atp.1997Winter_RT', 'kuali.atp.type.Winter', '502382B953264F6ABA341BC151260F5D')
/
insert into KSAP_ATP (ID, CREATEID, CREATETIME, UPDATEID, UPDATETIME, VER_NBR, END_DT, NAME, START_DT, STATE, RT_DESCR_ID, TYPE, OBJ_ID) values ('kuali.atp.1998Spring', null, null, null, null, 0, TIMESTAMP '1998-05-28 00:00:00', '1998Spring', TIMESTAMP '1998-01-26 00:00:00', 'Active', 'kuali.atp.1998Spring_RT', 'kuali.atp.type.Spring', 'A215F4A9147643228E9D362BA2613E36')
/
insert into KSAP_ATP (ID, CREATEID, CREATETIME, UPDATEID, UPDATETIME, VER_NBR, END_DT, NAME, START_DT, STATE, RT_DESCR_ID, TYPE, OBJ_ID) values ('kuali.atp.1998Summer1', null, null, null, null, 0, TIMESTAMP '1998-07-12 00:00:00', '1998Summer1', TIMESTAMP '1998-05-29 00:00:00', 'Active', 'kuali.atp.1998Summer1_RT', 'kuali.atp.type.Summer1', '47F27E3233DC465380CA510C96C990BC')
/
insert into KSAP_ATP (ID, CREATEID, CREATETIME, UPDATEID, UPDATETIME, VER_NBR, END_DT, NAME, START_DT, STATE, RT_DESCR_ID, TYPE, OBJ_ID) values ('kuali.atp.1998Summer2', null, null, null, null, 0, TIMESTAMP '1998-08-24 00:00:00', '1998Summer2', TIMESTAMP '1998-07-13 00:00:00', 'Active', 'kuali.atp.1998Summer2_RT', 'kuali.atp.type.Summer2', '9B33F78C988845B894AB520420A4EACC')
/
insert into KSAP_ATP (ID, CREATEID, CREATETIME, UPDATEID, UPDATETIME, VER_NBR, END_DT, NAME, START_DT, STATE, RT_DESCR_ID, TYPE, OBJ_ID) values ('kuali.atp.1998Fall', null, null, null, null, 0, TIMESTAMP '1998-12-22 00:00:00', '1998Fall', TIMESTAMP '1998-08-25 00:00:00', 'Active', 'kuali.atp.1998Fall_RT', 'kuali.atp.type.Fall', '3ECA323D01DE44B38F9D96843BFCA33B')
/
insert into KSAP_ATP (ID, CREATEID, CREATETIME, UPDATEID, UPDATETIME, VER_NBR, END_DT, NAME, START_DT, STATE, RT_DESCR_ID, TYPE, OBJ_ID) values ('kuali.atp.1998Winter', null, null, null, null, 0, TIMESTAMP '1999-01-24 00:00:00', '1998Winter', TIMESTAMP '1998-12-23 00:00:00', 'Active', 'kuali.atp.1998Winter_RT', 'kuali.atp.type.Winter', '88131ADDF65C48E3AC72C77B9A8330BE')
/
insert into KSAP_ATP (ID, CREATEID, CREATETIME, UPDATEID, UPDATETIME, VER_NBR, END_DT, NAME, START_DT, STATE, RT_DESCR_ID, TYPE, OBJ_ID) values ('kuali.atp.1999Spring', null, null, null, null, 0, TIMESTAMP '1999-05-27 00:00:00', '1999Spring', TIMESTAMP '1999-01-25 00:00:00', 'Active', 'kuali.atp.1999Spring_RT', 'kuali.atp.type.Spring', '80E144D9A153486A80D4CE55BCBC1D48')
/
insert into KSAP_ATP (ID, CREATEID, CREATETIME, UPDATEID, UPDATETIME, VER_NBR, END_DT, NAME, START_DT, STATE, RT_DESCR_ID, TYPE, OBJ_ID) values ('kuali.atp.1999Summer1', null, null, null, null, 0, TIMESTAMP '1999-07-11 00:00:00', '1999Summer1', TIMESTAMP '1999-05-28 00:00:00', 'Active', 'kuali.atp.1999Summer1_RT', 'kuali.atp.type.Summer1', '059C5DDEA50C461F86117CFFCB65A165')
/
insert into KSAP_ATP (ID, CREATEID, CREATETIME, UPDATEID, UPDATETIME, VER_NBR, END_DT, NAME, START_DT, STATE, RT_DESCR_ID, TYPE, OBJ_ID) values ('kuali.atp.1999Summer2', null, null, null, null, 0, TIMESTAMP '1999-08-23 00:00:00', '1999Summer2', TIMESTAMP '1999-07-12 00:00:00', 'Active', 'kuali.atp.1999Summer2_RT', 'kuali.atp.type.Summer2', '03D6D94322584F2C9DEBED9CA6E48DCD')
/
insert into KSAP_ATP (ID, CREATEID, CREATETIME, UPDATEID, UPDATETIME, VER_NBR, END_DT, NAME, START_DT, STATE, RT_DESCR_ID, TYPE, OBJ_ID) values ('kuali.atp.1999Fall', null, null, null, null, 0, TIMESTAMP '1999-12-23 00:00:00', '1999Fall', TIMESTAMP '1999-08-24 00:00:00', 'Active', 'kuali.atp.1999Fall_RT', 'kuali.atp.type.Fall', '770500FDA7654AD5854899895943857A')
/
insert into KSAP_ATP (ID, CREATEID, CREATETIME, UPDATEID, UPDATETIME, VER_NBR, END_DT, NAME, START_DT, STATE, RT_DESCR_ID, TYPE, OBJ_ID) values ('kuali.atp.1999Winter', null, null, null, null, 0, TIMESTAMP '2000-01-29 00:00:00', '1999Winter', TIMESTAMP '1999-12-24 00:00:00', 'Active', 'kuali.atp.1999Winter_RT', 'kuali.atp.type.Winter', 'E5B61459DE174EC08DE8F09A58617781')
/
insert into KSAP_ATP (ID, CREATEID, CREATETIME, UPDATEID, UPDATETIME, VER_NBR, END_DT, NAME, START_DT, STATE, RT_DESCR_ID, TYPE, OBJ_ID) values ('kuali.atp.2000Spring', null, null, null, null, 0, TIMESTAMP '2000-05-25 00:00:00', '2000Spring', TIMESTAMP '2000-01-30 00:00:00', 'Active', 'kuali.atp.2000Spring_RT', 'kuali.atp.type.Spring', '87718CF68A0F47A3A3C85FE23568C877')
/
insert into KSAP_ATP (ID, CREATEID, CREATETIME, UPDATEID, UPDATETIME, VER_NBR, END_DT, NAME, START_DT, STATE, RT_DESCR_ID, TYPE, OBJ_ID) values ('kuali.atp.2000Summer1', null, null, null, null, 0, TIMESTAMP '2000-07-16 00:00:00', '2000Summer1', TIMESTAMP '2000-05-26 00:00:00', 'Active', 'kuali.atp.2000Summer1_RT', 'kuali.atp.type.Summer1', 'D6181BC9B02743049E40573CD6867A3E')
/
insert into KSAP_ATP (ID, CREATEID, CREATETIME, UPDATEID, UPDATETIME, VER_NBR, END_DT, NAME, START_DT, STATE, RT_DESCR_ID, TYPE, OBJ_ID) values ('kuali.atp.2000Summer2', null, null, null, null, 0, TIMESTAMP '2000-08-28 00:00:00', '2000Summer2', TIMESTAMP '2000-07-17 00:00:00', 'Active', 'kuali.atp.2000Summer2_RT', 'kuali.atp.type.Summer2', 'A55151F0FD614469B3ADC64D16704803')
/
insert into KSAP_ATP (ID, CREATEID, CREATETIME, UPDATEID, UPDATETIME, VER_NBR, END_DT, NAME, START_DT, STATE, RT_DESCR_ID, TYPE, OBJ_ID) values ('kuali.atp.2000Fall', null, null, null, null, 0, TIMESTAMP '2000-12-23 00:00:00', '2000Fall', TIMESTAMP '2000-08-29 00:00:00', 'Active', 'kuali.atp.2000Fall_RT', 'kuali.atp.type.Fall', '768EDA81D92A4DB49E5DC1C52AAD5086')
/
insert into KSAP_ATP (ID, CREATEID, CREATETIME, UPDATEID, UPDATETIME, VER_NBR, END_DT, NAME, START_DT, STATE, RT_DESCR_ID, TYPE, OBJ_ID) values ('kuali.atp.2000Winter', null, null, null, null, 0, TIMESTAMP '2001-01-24 00:00:00', '2000Winter', TIMESTAMP '2000-12-24 00:00:00', 'Active', 'kuali.atp.2000Winter_RT', 'kuali.atp.type.Winter', 'A0ACB27FB0A94148A2BAB8815112FCE9')
/
insert into KSAP_ATP (ID, CREATEID, CREATETIME, UPDATEID, UPDATETIME, VER_NBR, END_DT, NAME, START_DT, STATE, RT_DESCR_ID, TYPE, OBJ_ID) values ('kuali.atp.2001Spring', null, null, null, null, 0, TIMESTAMP '2001-05-28 00:00:00', '2001Spring', TIMESTAMP '2001-01-25 00:00:00', 'Active', 'kuali.atp.2001Spring_RT', 'kuali.atp.type.Spring', 'B5EF206EFE724054863E59015640CA81')
/
insert into KSAP_ATP (ID, CREATEID, CREATETIME, UPDATEID, UPDATETIME, VER_NBR, END_DT, NAME, START_DT, STATE, RT_DESCR_ID, TYPE, OBJ_ID) values ('kuali.atp.2001Summer1', null, null, null, null, 0, TIMESTAMP '2001-07-15 00:00:00', '2001Summer1', TIMESTAMP '2001-05-29 00:00:00', 'Active', 'kuali.atp.2001Summer1_RT', 'kuali.atp.type.Summer1', '8BDF58A18C4F49DAB6D49B27DC9BB849')
/
insert into KSAP_ATP (ID, CREATEID, CREATETIME, UPDATEID, UPDATETIME, VER_NBR, END_DT, NAME, START_DT, STATE, RT_DESCR_ID, TYPE, OBJ_ID) values ('kuali.atp.2001Summer2', null, null, null, null, 0, TIMESTAMP '2001-08-27 00:00:00', '2001Summer2', TIMESTAMP '2001-07-16 00:00:00', 'Active', 'kuali.atp.2001Summer2_RT', 'kuali.atp.type.Summer2', 'A4860A22175C4BD29C9372EBF21FCE78')
/
insert into KSAP_ATP (ID, CREATEID, CREATETIME, UPDATEID, UPDATETIME, VER_NBR, END_DT, NAME, START_DT, STATE, RT_DESCR_ID, TYPE, OBJ_ID) values ('kuali.atp.2001Fall', null, null, null, null, 0, TIMESTAMP '2001-12-23 00:00:00', '2001Fall', TIMESTAMP '2001-08-28 00:00:00', 'Active', 'kuali.atp.2001Fall_RT', 'kuali.atp.type.Fall', '2919383217EA49078F42737FC35DF925')
/
insert into KSAP_ATP (ID, CREATEID, CREATETIME, UPDATEID, UPDATETIME, VER_NBR, END_DT, NAME, START_DT, STATE, RT_DESCR_ID, TYPE, OBJ_ID) values ('kuali.atp.2001Winter', null, null, null, null, 0, TIMESTAMP '2002-01-23 00:00:00', '2001Winter', TIMESTAMP '2001-12-24 00:00:00', 'Active', 'kuali.atp.2001Winter_RT', 'kuali.atp.type.Winter', '6C7156C1D79C4A75AA0CC957165B5D8E')
/
insert into KSAP_ATP (ID, CREATEID, CREATETIME, UPDATEID, UPDATETIME, VER_NBR, END_DT, NAME, START_DT, STATE, RT_DESCR_ID, TYPE, OBJ_ID) values ('kuali.atp.2002Spring', null, null, null, null, 0, TIMESTAMP '2002-05-27 00:00:00', '2002Spring', TIMESTAMP '2002-01-24 00:00:00', 'Active', 'kuali.atp.2002Spring_RT', 'kuali.atp.type.Spring', '1003E5E984AA469E8829D917110517E4')
/
insert into KSAP_ATP (ID, CREATEID, CREATETIME, UPDATEID, UPDATETIME, VER_NBR, END_DT, NAME, START_DT, STATE, RT_DESCR_ID, TYPE, OBJ_ID) values ('kuali.atp.2002Summer1', null, null, null, null, 0, TIMESTAMP '2002-07-14 00:00:00', '2002Summer1', TIMESTAMP '2002-05-28 00:00:00', 'Active', 'kuali.atp.2002Summer1_RT', 'kuali.atp.type.Summer1', '7306C13458A343E28599ACBF4E81B12E')
/
insert into KSAP_ATP (ID, CREATEID, CREATETIME, UPDATEID, UPDATETIME, VER_NBR, END_DT, NAME, START_DT, STATE, RT_DESCR_ID, TYPE, OBJ_ID) values ('kuali.atp.2002Summer2', null, null, null, null, 0, TIMESTAMP '2002-08-26 00:00:00', '2002Summer2', TIMESTAMP '2002-07-15 00:00:00', 'Active', 'kuali.atp.2002Summer2_RT', 'kuali.atp.type.Summer2', '64C8240024CD43E3A4A56F6E1C2712AA')
/
insert into KSAP_ATP (ID, CREATEID, CREATETIME, UPDATEID, UPDATETIME, VER_NBR, END_DT, NAME, START_DT, STATE, RT_DESCR_ID, TYPE, OBJ_ID) values ('kuali.atp.2002Fall', null, null, null, null, 0, TIMESTAMP '2002-12-23 00:00:00', '2002Fall', TIMESTAMP '2002-08-27 00:00:00', 'Active', 'kuali.atp.2002Fall_RT', 'kuali.atp.type.Fall', '35990F422C454AAE8274EA86A7874A6E')
/
insert into KSAP_ATP (ID, CREATEID, CREATETIME, UPDATEID, UPDATETIME, VER_NBR, END_DT, NAME, START_DT, STATE, RT_DESCR_ID, TYPE, OBJ_ID) values ('kuali.atp.2002Winter', null, null, null, null, 0, TIMESTAMP '2003-01-26 00:00:00', '2002Winter', TIMESTAMP '2002-12-24 00:00:00', 'Active', 'kuali.atp.2002Winter_RT', 'kuali.atp.type.Winter', 'CC809671F74845979AC1546A64CF7D55')
/
insert into KSAP_ATP (ID, CREATEID, CREATETIME, UPDATEID, UPDATETIME, VER_NBR, END_DT, NAME, START_DT, STATE, RT_DESCR_ID, TYPE, OBJ_ID) values ('kuali.atp.2003Spring', null, null, null, null, 0, TIMESTAMP '2003-05-26 00:00:00', '2003Spring', TIMESTAMP '2003-01-27 00:00:00', 'Active', 'kuali.atp.2003Spring_RT', 'kuali.atp.type.Spring', 'F2F6C26BBB694D5B96E4523A0559078B')
/
insert into KSAP_ATP (ID, CREATEID, CREATETIME, UPDATEID, UPDATETIME, VER_NBR, END_DT, NAME, START_DT, STATE, RT_DESCR_ID, TYPE, OBJ_ID) values ('kuali.atp.2003Summer1', null, null, null, null, 0, TIMESTAMP '2003-07-13 00:00:00', '2003Summer1', TIMESTAMP '2003-05-27 00:00:00', 'Active', 'kuali.atp.2003Summer1_RT', 'kuali.atp.type.Summer1', '4BB8EBEE91D3476392622D7B4B1BD09E')
/
insert into KSAP_ATP (ID, CREATEID, CREATETIME, UPDATEID, UPDATETIME, VER_NBR, END_DT, NAME, START_DT, STATE, RT_DESCR_ID, TYPE, OBJ_ID) values ('kuali.atp.2003Summer2', null, null, null, null, 0, TIMESTAMP '2003-08-25 00:00:00', '2003Summer2', TIMESTAMP '2003-07-14 00:00:00', 'Active', 'kuali.atp.2003Summer2_RT', 'kuali.atp.type.Summer2', 'C8FAC6C02C664978BAABF4C1420C74F3')
/
insert into KSAP_ATP (ID, CREATEID, CREATETIME, UPDATEID, UPDATETIME, VER_NBR, END_DT, NAME, START_DT, STATE, RT_DESCR_ID, TYPE, OBJ_ID) values ('kuali.atp.2003Fall', null, null, null, null, 0, TIMESTAMP '2003-12-22 00:00:00', '2003Fall', TIMESTAMP '2003-08-26 00:00:00', 'Active', 'kuali.atp.2003Fall_RT', 'kuali.atp.type.Fall', '29CBD87455144713A916787D284BBDB8')
/
insert into KSAP_ATP (ID, CREATEID, CREATETIME, UPDATEID, UPDATETIME, VER_NBR, END_DT, NAME, START_DT, STATE, RT_DESCR_ID, TYPE, OBJ_ID) values ('kuali.atp.2003Winter', null, null, null, null, 0, TIMESTAMP '2004-01-25 00:00:00', '2003Winter', TIMESTAMP '2003-12-23 00:00:00', 'Active', 'kuali.atp.2003Winter_RT', 'kuali.atp.type.Winter', '6F12E24A6BE84F109F6DA3341B860DBF')
/
insert into KSAP_ATP (ID, CREATEID, CREATETIME, UPDATEID, UPDATETIME, VER_NBR, END_DT, NAME, START_DT, STATE, RT_DESCR_ID, TYPE, OBJ_ID) values ('kuali.atp.2004Spring', null, null, null, null, 0, TIMESTAMP '2004-05-25 00:00:00', '2004Spring', TIMESTAMP '2004-01-26 00:00:00', 'Active', 'kuali.atp.2004Spring_RT', 'kuali.atp.type.Spring', 'BD6E890D926E4076929E368B8E91C5AF')
/
insert into KSAP_ATP (ID, CREATEID, CREATETIME, UPDATEID, UPDATETIME, VER_NBR, END_DT, NAME, START_DT, STATE, RT_DESCR_ID, TYPE, OBJ_ID) values ('kuali.atp.2004Summer1', null, null, null, null, 0, TIMESTAMP '2004-07-11 00:00:00', '2004Summer1', TIMESTAMP '2004-05-26 00:00:00', 'Active', 'kuali.atp.2004Summer1_RT', 'kuali.atp.type.Summer1', 'C9566BD8C5D04F568BD7CC8EB941A64D')
/
insert into KSAP_ATP (ID, CREATEID, CREATETIME, UPDATEID, UPDATETIME, VER_NBR, END_DT, NAME, START_DT, STATE, RT_DESCR_ID, TYPE, OBJ_ID) values ('kuali.atp.2004Summer2', null, null, null, null, 0, TIMESTAMP '2004-08-23 00:00:00', '2004Summer2', TIMESTAMP '2004-07-12 00:00:00', 'Active', 'kuali.atp.2004Summer2_RT', 'kuali.atp.type.Summer2', '807D182F185348D79345184BF4AD4328')
/
insert into KSAP_ATP (ID, CREATEID, CREATETIME, UPDATEID, UPDATETIME, VER_NBR, END_DT, NAME, START_DT, STATE, RT_DESCR_ID, TYPE, OBJ_ID) values ('kuali.atp.2004Fall', null, null, null, null, 0, TIMESTAMP '2004-12-24 00:00:00', '2004Fall', TIMESTAMP '2004-08-24 00:00:00', 'Active', 'kuali.atp.2004Fall_RT', 'kuali.atp.type.Fall', 'E2D82436E72F4A988DE84D433F9BE13C')
/
insert into KSAP_ATP (ID, CREATEID, CREATETIME, UPDATEID, UPDATETIME, VER_NBR, END_DT, NAME, START_DT, STATE, RT_DESCR_ID, TYPE, OBJ_ID) values ('kuali.atp.2004Winter', null, null, null, null, 0, TIMESTAMP '2005-01-25 00:00:00', '2004Winter', TIMESTAMP '2004-12-25 00:00:00', 'Active', 'kuali.atp.2004Winter_RT', 'kuali.atp.type.Winter', '005BF71F1EC14888B70A3579197BD660')
/
insert into KSAP_ATP (ID, CREATEID, CREATETIME, UPDATEID, UPDATETIME, VER_NBR, END_DT, NAME, START_DT, STATE, RT_DESCR_ID, TYPE, OBJ_ID) values ('kuali.atp.2005Spring', null, null, null, null, 0, TIMESTAMP '2005-05-25 00:00:00', '2005Spring', TIMESTAMP '2005-01-26 00:00:00', 'Active', 'kuali.atp.2005Spring_RT', 'kuali.atp.type.Spring', '0250A39A722941F09DECF18E62C7B5B7')
/
insert into KSAP_ATP (ID, CREATEID, CREATETIME, UPDATEID, UPDATETIME, VER_NBR, END_DT, NAME, START_DT, STATE, RT_DESCR_ID, TYPE, OBJ_ID) values ('kuali.atp.2005Summer1', null, null, null, null, 0, TIMESTAMP '2005-07-10 00:00:00', '2005Summer1', TIMESTAMP '2005-05-26 00:00:00', 'Active', 'kuali.atp.2005Summer1_RT', 'kuali.atp.type.Summer1', '0CD485C730084065B86E6C9C58F99BF8')
/
insert into KSAP_ATP (ID, CREATEID, CREATETIME, UPDATEID, UPDATETIME, VER_NBR, END_DT, NAME, START_DT, STATE, RT_DESCR_ID, TYPE, OBJ_ID) values ('kuali.atp.2005Summer2', null, null, null, null, 0, TIMESTAMP '2005-08-21 00:00:00', '2005Summer2', TIMESTAMP '2005-07-11 00:00:00', 'Active', 'kuali.atp.2005Summer2_RT', 'kuali.atp.type.Summer2', 'C07E3972F2B048D48147AACB526BA389')
/
insert into KSAP_ATP (ID, CREATEID, CREATETIME, UPDATEID, UPDATETIME, VER_NBR, END_DT, NAME, START_DT, STATE, RT_DESCR_ID, TYPE, OBJ_ID) values ('kuali.atp.2005Fall', null, null, null, null, 0, TIMESTAMP '2005-12-23 00:00:00', '2005Fall', TIMESTAMP '2005-08-22 00:00:00', 'Active', 'kuali.atp.2005Fall_RT', 'kuali.atp.type.Fall', '2F2FFA5024E64B5EA0583ED66A5D023F')
/
insert into KSAP_ATP (ID, CREATEID, CREATETIME, UPDATEID, UPDATETIME, VER_NBR, END_DT, NAME, START_DT, STATE, RT_DESCR_ID, TYPE, OBJ_ID) values ('kuali.atp.2005Winter', null, null, null, null, 0, TIMESTAMP '2006-01-23 00:00:00', '2005Winter', TIMESTAMP '2005-12-24 00:00:00', 'Active', 'kuali.atp.2005Winter_RT', 'kuali.atp.type.Winter', '1CEEB7FAFA00441DA8A6E01CC645ED33')
/
insert into KSAP_ATP (ID, CREATEID, CREATETIME, UPDATEID, UPDATETIME, VER_NBR, END_DT, NAME, START_DT, STATE, RT_DESCR_ID, TYPE, OBJ_ID) values ('kuali.atp.2006Spring', null, null, null, null, 0, TIMESTAMP '2006-05-24 00:00:00', '2006Spring', TIMESTAMP '2006-01-24 00:00:00', 'Active', 'kuali.atp.2006Spring_RT', 'kuali.atp.type.Spring', '709683A6345F47FD894778616AD55226')
/
insert into KSAP_ATP (ID, CREATEID, CREATETIME, UPDATEID, UPDATETIME, VER_NBR, END_DT, NAME, START_DT, STATE, RT_DESCR_ID, TYPE, OBJ_ID) values ('kuali.atp.2006Summer1', null, null, null, null, 0, TIMESTAMP '2006-07-16 00:00:00', '2006Summer1', TIMESTAMP '2006-05-25 00:00:00', 'Active', 'kuali.atp.2006Summer1_RT', 'kuali.atp.type.Summer1', 'B85D6019432747EDBACD637DD6EF0B71')
/
insert into KSAP_ATP (ID, CREATEID, CREATETIME, UPDATEID, UPDATETIME, VER_NBR, END_DT, NAME, START_DT, STATE, RT_DESCR_ID, TYPE, OBJ_ID) values ('kuali.atp.2006Summer2', null, null, null, null, 0, TIMESTAMP '2006-08-27 00:00:00', '2006Summer2', TIMESTAMP '2006-07-17 00:00:00', 'Active', 'kuali.atp.2006Summer2_RT', 'kuali.atp.type.Summer2', '5B127BA0406D49F1BF95330DDE7FD12C')
/
insert into KSAP_ATP (ID, CREATEID, CREATETIME, UPDATEID, UPDATETIME, VER_NBR, END_DT, NAME, START_DT, STATE, RT_DESCR_ID, TYPE, OBJ_ID) values ('kuali.atp.2006Fall', null, null, null, null, 0, TIMESTAMP '2006-12-23 00:00:00', '2006Fall', TIMESTAMP '2006-08-28 00:00:00', 'Active', 'kuali.atp.2006Fall_RT', 'kuali.atp.type.Fall', '36621523DFBB4B0491AB98006348725D')
/
insert into KSAP_ATP (ID, CREATEID, CREATETIME, UPDATEID, UPDATETIME, VER_NBR, END_DT, NAME, START_DT, STATE, RT_DESCR_ID, TYPE, OBJ_ID) values ('kuali.atp.2006Winter', null, null, null, null, 0, TIMESTAMP '2007-01-22 00:00:00', '2006Winter', TIMESTAMP '2006-12-24 00:00:00', 'Active', 'kuali.atp.2006Winter_RT', 'kuali.atp.type.Winter', '2BD56A8F0A4345B0885304037A972E89')
/
insert into KSAP_ATP (ID, CREATEID, CREATETIME, UPDATEID, UPDATETIME, VER_NBR, END_DT, NAME, START_DT, STATE, RT_DESCR_ID, TYPE, OBJ_ID) values ('kuali.atp.2007Spring', null, null, null, null, 0, TIMESTAMP '2007-05-23 00:00:00', '2007Spring', TIMESTAMP '2007-01-23 00:00:00', 'Active', 'kuali.atp.2007Spring_RT', 'kuali.atp.type.Spring', '96C5DFC1062B4868B78AE37F8311C979')
/
insert into KSAP_ATP (ID, CREATEID, CREATETIME, UPDATEID, UPDATETIME, VER_NBR, END_DT, NAME, START_DT, STATE, RT_DESCR_ID, TYPE, OBJ_ID) values ('kuali.atp.2007Summer1', null, null, null, null, 0, TIMESTAMP '2007-07-15 00:00:00', '2007Summer1', TIMESTAMP '2007-05-24 00:00:00', 'Active', 'kuali.atp.2007Summer1_RT', 'kuali.atp.type.Summer1', '49FF06BCAAE549EA96996A2D76370453')
/
insert into KSAP_ATP (ID, CREATEID, CREATETIME, UPDATEID, UPDATETIME, VER_NBR, END_DT, NAME, START_DT, STATE, RT_DESCR_ID, TYPE, OBJ_ID) values ('kuali.atp.2007Summer2', null, null, null, null, 0, TIMESTAMP '2007-08-27 00:00:00', '2007Summer2', TIMESTAMP '2007-07-16 00:00:00', 'Active', 'kuali.atp.2007Summer2_RT', 'kuali.atp.type.Summer2', 'CEDDBB0EDE2047C89BE55F26DF966AF3')
/
insert into KSAP_ATP (ID, CREATEID, CREATETIME, UPDATEID, UPDATETIME, VER_NBR, END_DT, NAME, START_DT, STATE, RT_DESCR_ID, TYPE, OBJ_ID) values ('kuali.atp.2007Fall', null, null, null, null, 0, TIMESTAMP '2007-12-22 00:00:00', '2007Fall', TIMESTAMP '2007-08-28 00:00:00', 'Active', 'kuali.atp.2007Fall_RT', 'kuali.atp.type.Fall', '1B90B3D3E000492F9F0E6736D6C36622')
/
insert into KSAP_ATP (ID, CREATEID, CREATETIME, UPDATEID, UPDATETIME, VER_NBR, END_DT, NAME, START_DT, STATE, RT_DESCR_ID, TYPE, OBJ_ID) values ('kuali.atp.2007Winter', null, null, null, null, 0, TIMESTAMP '2008-01-23 00:00:00', '2007Winter', TIMESTAMP '2007-12-23 00:00:00', 'Active', 'kuali.atp.2007Winter_RT', 'kuali.atp.type.Winter', '6F546832EE7B42059D5491E23AA00B18')
/
insert into KSAP_ATP (ID, CREATEID, CREATETIME, UPDATEID, UPDATETIME, VER_NBR, END_DT, NAME, START_DT, STATE, RT_DESCR_ID, TYPE, OBJ_ID) values ('kuali.atp.2008Spring', null, null, null, null, 0, TIMESTAMP '2008-05-24 00:00:00', '2008Spring', TIMESTAMP '2008-01-24 00:00:00', 'Active', 'kuali.atp.2008Spring_RT', 'kuali.atp.type.Spring', '78B891E9133B4131BC426092217B5484')
/
insert into KSAP_ATP (ID, CREATEID, CREATETIME, UPDATEID, UPDATETIME, VER_NBR, END_DT, NAME, START_DT, STATE, RT_DESCR_ID, TYPE, OBJ_ID) values ('kuali.atp.2008Summer1', null, null, null, null, 0, TIMESTAMP '2008-07-13 00:00:00', '2008Summer1', TIMESTAMP '2008-05-25 00:00:00', 'Active', 'kuali.atp.2008Summer1_RT', 'kuali.atp.type.Summer1', '2F0BE7666E2340BEB294CD45CE917FD5')
/
insert into KSAP_ATP (ID, CREATEID, CREATETIME, UPDATEID, UPDATETIME, VER_NBR, END_DT, NAME, START_DT, STATE, RT_DESCR_ID, TYPE, OBJ_ID) values ('kuali.atp.2008Summer2', null, null, null, null, 0, TIMESTAMP '2008-08-25 00:00:00', '2008Summer2', TIMESTAMP '2008-07-14 00:00:00', 'Active', 'kuali.atp.2008Summer2_RT', 'kuali.atp.type.Summer2', '217E89A0E8B046A4A6BDE13AF449AC31')
/
insert into KSAP_ATP (ID, CREATEID, CREATETIME, UPDATEID, UPDATETIME, VER_NBR, END_DT, NAME, START_DT, STATE, RT_DESCR_ID, TYPE, OBJ_ID) values ('kuali.atp.2008Fall', null, null, null, null, 0, TIMESTAMP '2008-12-22 00:00:00', '2008Fall', TIMESTAMP '2008-08-26 00:00:00', 'Active', 'kuali.atp.2008Fall_RT', 'kuali.atp.type.Fall', '95578DCA78EA44F6BDA94B5D31AE359A')
/
insert into KSAP_ATP (ID, CREATEID, CREATETIME, UPDATEID, UPDATETIME, VER_NBR, END_DT, NAME, START_DT, STATE, RT_DESCR_ID, TYPE, OBJ_ID) values ('kuali.atp.2008Winter', null, null, null, null, 0, TIMESTAMP '2009-01-24 00:00:00', '2008Winter', TIMESTAMP '2008-12-23 00:00:00', 'Active', 'kuali.atp.2008Winter_RT', 'kuali.atp.type.Winter', '5447600B77C74D25818C1C7143B0DE65')
/
insert into KSAP_ATP (ID, CREATEID, CREATETIME, UPDATEID, UPDATETIME, VER_NBR, END_DT, NAME, START_DT, STATE, RT_DESCR_ID, TYPE, OBJ_ID) values ('kuali.atp.2009Spring', null, null, null, null, 0, TIMESTAMP '2009-05-23 00:00:00', '2009Spring', TIMESTAMP '2009-01-25 00:00:00', 'Active', 'kuali.atp.2009Spring_RT', 'kuali.atp.type.Spring', '03C7ED556EAB43AB8E7C32CA1135E2C7')
/
insert into KSAP_ATP (ID, CREATEID, CREATETIME, UPDATEID, UPDATETIME, VER_NBR, END_DT, NAME, START_DT, STATE, RT_DESCR_ID, TYPE, OBJ_ID) values ('kuali.atp.2009Summer1', null, null, null, null, 0, TIMESTAMP '2009-07-12 00:00:00', '2009Summer1', TIMESTAMP '2009-05-24 00:00:00', 'Active', 'kuali.atp.2009Summer1_RT', 'kuali.atp.type.Summer1', 'AB944362586C4BD193467EDF4B479426')
/
insert into KSAP_ATP (ID, CREATEID, CREATETIME, UPDATEID, UPDATETIME, VER_NBR, END_DT, NAME, START_DT, STATE, RT_DESCR_ID, TYPE, OBJ_ID) values ('kuali.atp.2009Summer2', null, null, null, null, 0, TIMESTAMP '2009-08-24 00:00:00', '2009Summer2', TIMESTAMP '2009-07-13 00:00:00', 'Active', 'kuali.atp.2009Summer2_RT', 'kuali.atp.type.Summer2', 'A023BDD0982F4BEAB6FEE4A04EFF595A')
/
insert into KSAP_ATP (ID, CREATEID, CREATETIME, UPDATEID, UPDATETIME, VER_NBR, END_DT, NAME, START_DT, STATE, RT_DESCR_ID, TYPE, OBJ_ID) values ('kuali.atp.2009Fall', null, null, null, null, 0, TIMESTAMP '2009-12-24 00:00:00', '2009Fall', TIMESTAMP '2009-08-25 00:00:00', 'Active', 'kuali.atp.2009Fall_RT', 'kuali.atp.type.Fall', '7403218E5ED74BBC93E700DD9DC7C484')
/
insert into KSAP_ATP (ID, CREATEID, CREATETIME, UPDATEID, UPDATETIME, VER_NBR, END_DT, NAME, START_DT, STATE, RT_DESCR_ID, TYPE, OBJ_ID) values ('kuali.atp.2009Winter', null, null, null, null, 0, TIMESTAMP '2010-01-24 00:00:00', '2009Winter', TIMESTAMP '2009-12-25 00:00:00', 'Active', 'kuali.atp.2009Winter_RT', 'kuali.atp.type.Winter', '63C5146C893442B396B2DB9DB5B8A4B5')
/
insert into KSAP_ATP (ID, CREATEID, CREATETIME, UPDATEID, UPDATETIME, VER_NBR, END_DT, NAME, START_DT, STATE, RT_DESCR_ID, TYPE, OBJ_ID) values ('kuali.atp.2010Spring', null, null, null, null, 0, TIMESTAMP '2010-05-23 00:00:00', '2010Spring', TIMESTAMP '2010-01-25 00:00:00', 'Active', 'kuali.atp.2010Spring_RT', 'kuali.atp.type.Spring', '1A7FF9505EBC4B4DB82EE169A1168976')
/
insert into KSAP_ATP (ID, CREATEID, CREATETIME, UPDATEID, UPDATETIME, VER_NBR, END_DT, NAME, START_DT, STATE, RT_DESCR_ID, TYPE, OBJ_ID) values ('kuali.atp.2010Summer1', null, null, null, null, 0, TIMESTAMP '2010-07-11 00:00:00', '2010Summer1', TIMESTAMP '2010-05-24 00:00:00', 'Active', 'kuali.atp.2010Summer1_RT', 'kuali.atp.type.Summer1', '25DF9CBE0DF04009B4F8ABFB15EE1A66')
/
insert into KSAP_ATP (ID, CREATEID, CREATETIME, UPDATEID, UPDATETIME, VER_NBR, END_DT, NAME, START_DT, STATE, RT_DESCR_ID, TYPE, OBJ_ID) values ('kuali.atp.2010Summer2', null, null, null, null, 0, TIMESTAMP '2010-08-22 00:00:00', '2010Summer2', TIMESTAMP '2010-07-12 00:00:00', 'Active', 'kuali.atp.2010Summer2_RT', 'kuali.atp.type.Summer2', '2DB4FB0ED7274832B6807B81B87B72DD')
/
insert into KSAP_ATP (ID, CREATEID, CREATETIME, UPDATEID, UPDATETIME, VER_NBR, END_DT, NAME, START_DT, STATE, RT_DESCR_ID, TYPE, OBJ_ID) values ('kuali.atp.2010Fall', null, null, null, null, 0, TIMESTAMP '2010-12-20 00:00:00', '2010Fall', TIMESTAMP '2010-08-23 00:00:00', 'Active', 'kuali.atp.2010Fall_RT', 'kuali.atp.type.Fall', '2F00030675644BAF9681FEA833180F4A')
/
insert into KSAP_ATP (ID, CREATEID, CREATETIME, UPDATEID, UPDATETIME, VER_NBR, END_DT, NAME, START_DT, STATE, RT_DESCR_ID, TYPE, OBJ_ID) values ('kuali.atp.2010Winter', null, null, null, null, 0, TIMESTAMP '2011-01-23 00:00:00', '2010Winter', TIMESTAMP '2010-12-21 00:00:00', 'Active', 'kuali.atp.2010Winter_RT', 'kuali.atp.type.Winter', 'E1626C7B47374D5A885E61A26B221FC1')
/
insert into KSAP_ATP (ID, CREATEID, CREATETIME, UPDATEID, UPDATETIME, VER_NBR, END_DT, NAME, START_DT, STATE, RT_DESCR_ID, TYPE, OBJ_ID) values ('kuali.atp.2011Spring', null, null, null, null, 0, TIMESTAMP '2011-05-21 00:00:00', '2011Spring', TIMESTAMP '2011-01-24 00:00:00', 'Active', 'kuali.atp.2011Spring_RT', 'kuali.atp.type.Spring', 'E0ABC7D7AFC6409E92769864CE6D68A7')
/
insert into KSAP_ATP (ID, CREATEID, CREATETIME, UPDATEID, UPDATETIME, VER_NBR, END_DT, NAME, START_DT, STATE, RT_DESCR_ID, TYPE, OBJ_ID) values ('kuali.atp.2011Summer1', null, null, null, null, 0, TIMESTAMP '2011-07-10 00:00:00', '2011Summer1', TIMESTAMP '2011-05-22 00:00:00', 'Active', 'kuali.atp.2011Summer1_RT', 'kuali.atp.type.Summer1', '5741F82D18674873854A245AEE5EA972')
/
insert into KSAP_ATP (ID, CREATEID, CREATETIME, UPDATEID, UPDATETIME, VER_NBR, END_DT, NAME, START_DT, STATE, RT_DESCR_ID, TYPE, OBJ_ID) values ('kuali.atp.2011Summer2', null, null, null, null, 0, TIMESTAMP '2011-08-21 00:00:00', '2011Summer2', TIMESTAMP '2011-07-11 00:00:00', 'Active', 'kuali.atp.2011Summer2_RT', 'kuali.atp.type.Summer2', '19DECCD6F3C54490854A3F7182ACC581')
/
insert into KSAP_ATP (ID, CREATEID, CREATETIME, UPDATEID, UPDATETIME, VER_NBR, END_DT, NAME, START_DT, STATE, RT_DESCR_ID, TYPE, OBJ_ID) values ('kuali.atp.2011Fall', null, null, null, null, 0, TIMESTAMP '2011-12-24 00:00:00', '2011Fall', TIMESTAMP '2011-08-22 00:00:00', 'Active', 'kuali.atp.2011Fall_RT', 'kuali.atp.type.Fall', '88B716FAFDD14D4D877A8038A9635CE0')
/
insert into KSAP_ATP (ID, CREATEID, CREATETIME, UPDATEID, UPDATETIME, VER_NBR, END_DT, NAME, START_DT, STATE, RT_DESCR_ID, TYPE, OBJ_ID) values ('kuali.atp.2011Winter', null, null, null, null, 0, TIMESTAMP '2012-01-24 00:00:00', '2011Winter', TIMESTAMP '2011-12-25 00:00:00', 'Active', 'kuali.atp.2011Winter_RT', 'kuali.atp.type.Winter', '20E675E0A3654A15AF4DB2D550D63E45')
/
insert into KSAP_ATP (ID, CREATEID, CREATETIME, UPDATEID, UPDATETIME, VER_NBR, END_DT, NAME, START_DT, STATE, RT_DESCR_ID, TYPE, OBJ_ID) values ('kuali.atp.2012Spring', null, null, null, null, 0, TIMESTAMP '2012-05-22 00:00:00', '2012Spring', TIMESTAMP '2012-01-25 00:00:00', 'Active', 'kuali.atp.2012Spring_RT', 'kuali.atp.type.Spring', '6295C0081EB846EEBA32BB290EAC811D')
/
insert into KSAP_ATP (ID, CREATEID, CREATETIME, UPDATEID, UPDATETIME, VER_NBR, END_DT, NAME, START_DT, STATE, RT_DESCR_ID, TYPE, OBJ_ID) values ('kuali.atp.2012Summer1', null, null, null, null, 0, TIMESTAMP '2012-07-08 00:00:00', '2012Summer1', TIMESTAMP '2012-05-23 00:00:00', 'Active', 'kuali.atp.2012Summer1_RT', 'kuali.atp.type.Summer1', 'DA993B9BE3294063BD25A88BAC71649F')
/
insert into KSAP_ATP (ID, CREATEID, CREATETIME, UPDATEID, UPDATETIME, VER_NBR, END_DT, NAME, START_DT, STATE, RT_DESCR_ID, TYPE, OBJ_ID) values ('kuali.atp.2012Summer2', null, null, null, null, 0, TIMESTAMP '2012-08-20 00:00:00', '2012Summer2', TIMESTAMP '2012-07-09 00:00:00', 'Active', 'kuali.atp.2012Summer2_RT', 'kuali.atp.type.Summer2', '4EC24842CFE64131AD863D4E921FDE09')
/
insert into KSAP_ATP (ID, CREATEID, CREATETIME, UPDATEID, UPDATETIME, VER_NBR, END_DT, NAME, START_DT, STATE, RT_DESCR_ID, TYPE, OBJ_ID) values ('kuali.atp.2012Fall', null, null, null, null, 0, TIMESTAMP '2012-12-22 00:00:00', '2012Fall', TIMESTAMP '2012-08-21 00:00:00', 'Active', 'kuali.atp.2012Fall_RT', 'kuali.atp.type.Fall', '5B9EDF2BC3894B2C97BDEC6CDE1F426F')
/
insert into KSAP_ATP (ID, CREATEID, CREATETIME, UPDATEID, UPDATETIME, VER_NBR, END_DT, NAME, START_DT, STATE, RT_DESCR_ID, TYPE, OBJ_ID) values ('kuali.atp.2012Winter', null, null, null, null, 0, TIMESTAMP '2013-01-23 00:00:00', '2012Winter', TIMESTAMP '2012-12-23 00:00:00', 'Active', 'kuali.atp.2012Winter_RT', 'kuali.atp.type.Winter', '6A7DB1D9A9724675913D85440E322DE7')
/
insert into KSAP_ATP (ID, CREATEID, CREATETIME, UPDATEID, UPDATETIME, VER_NBR, END_DT, NAME, START_DT, STATE, RT_DESCR_ID, TYPE, OBJ_ID) values ('kuali.atp.2013Spring', null, null, null, null, 0, TIMESTAMP '2013-05-21 00:00:00', '2013Spring', TIMESTAMP '2013-01-24 00:00:00', 'Active', 'kuali.atp.2013Spring_RT', 'kuali.atp.type.Spring', '22B5178985EF445B95A5831333C4A6A9')
/
insert into KSAP_ATP (ID, CREATEID, CREATETIME, UPDATEID, UPDATETIME, VER_NBR, END_DT, NAME, START_DT, STATE, RT_DESCR_ID, TYPE, OBJ_ID) values ('kuali.atp.2013Summer1', null, null, null, null, 0, TIMESTAMP '2013-07-12 00:00:00', '2013Summer1', TIMESTAMP '2013-05-22 00:00:00', 'Active', 'kuali.atp.2013Summer1_RT', 'kuali.atp.type.Summer1', 'C0A24C6B23D046A5B4475F38088DDA29')
/
insert into KSAP_ATP (ID, CREATEID, CREATETIME, UPDATEID, UPDATETIME, VER_NBR, END_DT, NAME, START_DT, STATE, RT_DESCR_ID, TYPE, OBJ_ID) values ('kuali.atp.2013Summer2', null, null, null, null, 0, TIMESTAMP '2013-08-22 00:00:00', '2013Summer2', TIMESTAMP '2013-07-13 00:00:00', 'Active', 'kuali.atp.2013Summer2_RT', 'kuali.atp.type.Summer2', 'F57B2FB1D4C64DA2A1C3CE4FEC3D1577')
/
insert into KSAP_ATP (ID, CREATEID, CREATETIME, UPDATEID, UPDATETIME, VER_NBR, END_DT, NAME, START_DT, STATE, RT_DESCR_ID, TYPE, OBJ_ID) values ('kuali.atp.2013Fall', null, null, null, null, 0, TIMESTAMP '2013-12-22 00:00:00', '2013Fall', TIMESTAMP '2013-08-23 00:00:00', 'Active', 'kuali.atp.2013Fall_RT', 'kuali.atp.type.Fall', 'FC3919E2595E42BE82FB180CD49D3196')
/
insert into KSAP_ATP (ID, CREATEID, CREATETIME, UPDATEID, UPDATETIME, VER_NBR, END_DT, NAME, START_DT, STATE, RT_DESCR_ID, TYPE, OBJ_ID) values ('kuali.atp.2013Winter', null, null, null, null, 0, TIMESTAMP '2014-01-24 00:00:00', '2013Winter', TIMESTAMP '2013-12-23 00:00:00', 'Active', 'kuali.atp.2013Winter_RT', 'kuali.atp.type.Winter', 'D1AFB9CB752744C18029C2408477AB1F')
/
insert into KSAP_ATP (ID, CREATEID, CREATETIME, UPDATEID, UPDATETIME, VER_NBR, END_DT, NAME, START_DT, STATE, RT_DESCR_ID, TYPE, OBJ_ID) values ('kuali.atp.2014Spring', null, null, null, null, 0, TIMESTAMP '2014-05-23 00:00:00', '2014Spring', TIMESTAMP '2014-01-25 00:00:00', 'Active', 'kuali.atp.2014Spring_RT', 'kuali.atp.type.Spring', 'C838693C1A3E42AF9C398BFC3CF9A39A')
/
insert into KSAP_ATP (ID, CREATEID, CREATETIME, UPDATEID, UPDATETIME, VER_NBR, END_DT, NAME, START_DT, STATE, RT_DESCR_ID, TYPE, OBJ_ID) values ('kuali.atp.2014Summer1', null, null, null, null, 0, TIMESTAMP '2014-07-12 00:00:00', '2014Summer1', TIMESTAMP '2014-05-24 00:00:00', 'Active', 'kuali.atp.2014Summer1_RT', 'kuali.atp.type.Summer1', '2B87F282D23F4321ACDBC1765F37EECF')
/
insert into KSAP_ATP (ID, CREATEID, CREATETIME, UPDATEID, UPDATETIME, VER_NBR, END_DT, NAME, START_DT, STATE, RT_DESCR_ID, TYPE, OBJ_ID) values ('kuali.atp.2014Summer2', null, null, null, null, 0, TIMESTAMP '2014-08-22 00:00:00', '2014Summer2', TIMESTAMP '2014-07-13 00:00:00', 'Active', 'kuali.atp.2014Summer2_RT', 'kuali.atp.type.Summer2', '503B0DA5EB3D4AF3981C272B9DDDB5F0')
/
insert into KSAP_ATP (ID, CREATEID, CREATETIME, UPDATEID, UPDATETIME, VER_NBR, END_DT, NAME, START_DT, STATE, RT_DESCR_ID, TYPE, OBJ_ID) values ('kuali.atp.2014Fall', null, null, null, null, 0, TIMESTAMP '2014-12-22 00:00:00', '2014Fall', TIMESTAMP '2014-08-23 00:00:00', 'Active', 'kuali.atp.2014Fall_RT', 'kuali.atp.type.Fall', 'A32D3988CDE243F18B49F3C8854967BC')
/
insert into KSAP_ATP (ID, CREATEID, CREATETIME, UPDATEID, UPDATETIME, VER_NBR, END_DT, NAME, START_DT, STATE, RT_DESCR_ID, TYPE, OBJ_ID) values ('kuali.atp.2014Winter', null, null, null, null, 0, TIMESTAMP '2015-01-24 00:00:00', '2014Winter', TIMESTAMP '2014-12-23 00:00:00', 'Active', 'kuali.atp.2014Winter_RT', 'kuali.atp.type.Winter', '774921D455964E31A33DCA6CB87B0F81')
/
insert into KSAP_ATP (ID, CREATEID, CREATETIME, UPDATEID, UPDATETIME, VER_NBR, END_DT, NAME, START_DT, STATE, RT_DESCR_ID, TYPE, OBJ_ID) values ('kuali.atp.2015Spring', null, null, null, null, 0, TIMESTAMP '2015-05-23 00:00:00', '2015Spring', TIMESTAMP '2015-01-25 00:00:00', 'Active', 'kuali.atp.2015Spring_RT', 'kuali.atp.type.Spring', '797653406C2A44FB9B6B428414C4BAEC')
/
insert into KSAP_ATP (ID, CREATEID, CREATETIME, UPDATEID, UPDATETIME, VER_NBR, END_DT, NAME, START_DT, STATE, RT_DESCR_ID, TYPE, OBJ_ID) values ('kuali.atp.2015Summer1', null, null, null, null, 0, TIMESTAMP '2015-07-12 00:00:00', '2015Summer1', TIMESTAMP '2015-05-24 00:00:00', 'Active', 'kuali.atp.2015Summer1_RT', 'kuali.atp.type.Summer1', 'E5AE220BDF2D4F88A718DA209C283BBA')
/
insert into KSAP_ATP (ID, CREATEID, CREATETIME, UPDATEID, UPDATETIME, VER_NBR, END_DT, NAME, START_DT, STATE, RT_DESCR_ID, TYPE, OBJ_ID) values ('kuali.atp.2015Summer2', null, null, null, null, 0, TIMESTAMP '2015-08-22 00:00:00', '2015Summer2', TIMESTAMP '2015-07-13 00:00:00', 'Active', 'kuali.atp.2015Summer2_RT', 'kuali.atp.type.Summer2', '18C71DD02C6C4283AB4E6997A28253C4')
/
insert into KSAP_ATP (ID, CREATEID, CREATETIME, UPDATEID, UPDATETIME, VER_NBR, END_DT, NAME, START_DT, STATE, RT_DESCR_ID, TYPE, OBJ_ID) values ('kuali.atp.2015Fall', null, null, null, null, 0, TIMESTAMP '2015-12-22 00:00:00', '2015Fall', TIMESTAMP '2015-08-23 00:00:00', 'Active', 'kuali.atp.2015Fall_RT', 'kuali.atp.type.Fall', '9F8EFD7EB4184B45956A753B1D7F2C22')
/
insert into KSAP_ATP (ID, CREATEID, CREATETIME, UPDATEID, UPDATETIME, VER_NBR, END_DT, NAME, START_DT, STATE, RT_DESCR_ID, TYPE, OBJ_ID) values ('kuali.atp.2015Winter', null, null, null, null, 0, TIMESTAMP '2016-01-24 00:00:00', '2015Winter', TIMESTAMP '2015-12-23 00:00:00', 'Active', 'kuali.atp.2015Winter_RT', 'kuali.atp.type.Winter', '7BF3D5B24B37410F833D5DB6CC0E8AE7')
/
insert into KSAP_ATP (ID, CREATEID, CREATETIME, UPDATEID, UPDATETIME, VER_NBR, END_DT, NAME, START_DT, STATE, RT_DESCR_ID, TYPE, OBJ_ID) values ('kuali.atp.2016Spring', null, null, null, null, 0, TIMESTAMP '2016-05-23 00:00:00', '2016Spring', TIMESTAMP '2016-01-25 00:00:00', 'Active', 'kuali.atp.2016Spring_RT', 'kuali.atp.type.Spring', 'CAB5371A200D49A789EA104A1D5EB1A2')
/
insert into KSAP_ATP (ID, CREATEID, CREATETIME, UPDATEID, UPDATETIME, VER_NBR, END_DT, NAME, START_DT, STATE, RT_DESCR_ID, TYPE, OBJ_ID) values ('kuali.atp.2016Summer1', null, null, null, null, 0, TIMESTAMP '2016-07-12 00:00:00', '2016Summer1', TIMESTAMP '2016-05-24 00:00:00', 'Active', 'kuali.atp.2016Summer1_RT', 'kuali.atp.type.Summer1', 'FC84AAE41D7C46CBBC96883A14EAA598')
/
insert into KSAP_ATP (ID, CREATEID, CREATETIME, UPDATEID, UPDATETIME, VER_NBR, END_DT, NAME, START_DT, STATE, RT_DESCR_ID, TYPE, OBJ_ID) values ('kuali.atp.2016Summer2', null, null, null, null, 0, TIMESTAMP '2016-08-22 00:00:00', '2016Summer2', TIMESTAMP '2016-07-13 00:00:00', 'Active', 'kuali.atp.2016Summer2_RT', 'kuali.atp.type.Summer2', '059BC038C29F41DF91127EE33779370E')
/
insert into KSAP_ATP (ID, CREATEID, CREATETIME, UPDATEID, UPDATETIME, VER_NBR, END_DT, NAME, START_DT, STATE, RT_DESCR_ID, TYPE, OBJ_ID) values ('kuali.atp.2016Fall', null, null, null, null, 0, TIMESTAMP '2016-12-22 00:00:00', '2016Fall', TIMESTAMP '2016-08-23 00:00:00', 'Active', 'kuali.atp.2016Fall_RT', 'kuali.atp.type.Fall', '428ED67F9E8C451BBBAF924048D24049')
/
insert into KSAP_ATP (ID, CREATEID, CREATETIME, UPDATEID, UPDATETIME, VER_NBR, END_DT, NAME, START_DT, STATE, RT_DESCR_ID, TYPE, OBJ_ID) values ('kuali.atp.2016Winter', null, null, null, null, 0, TIMESTAMP '2017-01-24 00:00:00', '2016Winter', TIMESTAMP '2016-12-23 00:00:00', 'Active', 'kuali.atp.2016Winter_RT', 'kuali.atp.type.Winter', '0F4BF93A6910486B80EE05EBFCA51A10')
/
