insert into KSLU_RICH_TEXT_T (ID, FORMATTED, PLAIN, OBJ_ID, VER_NBR) values ('1bddb801-0926-4ccc-bd95-7f8b9cfca09b', null, null, '7344880d-b420-476a-84ec-59b0e12a01d6', 0)
/
insert into KSLU_RICH_TEXT_T (ID, FORMATTED, PLAIN, OBJ_ID, VER_NBR) values ('1dd1899c-1c83-4ff3-9135-1d55da17dee1', null, null, '8899afb2-a0ad-464c-8b05-f503a2083204', 0)
/
insert into KSLU_RICH_TEXT_T (ID, FORMATTED, PLAIN, OBJ_ID, VER_NBR) values ('2d26b9e0-05be-4ede-b347-11beb786f07c', null, null, 'd14b59b0-e191-422f-8912-816084c31cf0', 0)
/
insert into KSLU_RICH_TEXT_T (ID, FORMATTED, PLAIN, OBJ_ID, VER_NBR) values ('34b0dd9e-ba9b-49ae-8024-49d426cde475', null, null, 'beb4aa5c-29de-4b9a-88d1-f12cbc20bdfd', 0)
/
insert into KSLU_RICH_TEXT_T (ID, FORMATTED, PLAIN, OBJ_ID, VER_NBR) values ('373b9d03-71c8-49b2-9f9c-dab8fb7cdca3', null, null, '2a922701-f227-4c5c-b847-28334b4e3874', 0)
/
insert into KSLU_RICH_TEXT_T (ID, FORMATTED, PLAIN, OBJ_ID, VER_NBR) values ('375aaabd-46ed-4d65-8c4b-694f3fa6087d', null, null, '4ba3f8ed-7a8f-446b-9cb5-1214f742ac89', 0)
/
insert into KSLU_RICH_TEXT_T (ID, FORMATTED, PLAIN, OBJ_ID, VER_NBR) values ('3f644cd9-098a-4a86-9be7-9874097835b7', null, null, 'fdffb403-5d8e-45c4-b3b5-208793aef7fb', 0)
/
insert into KSLU_RICH_TEXT_T (ID, FORMATTED, PLAIN, OBJ_ID, VER_NBR) values ('43e90192-692a-4e1a-9837-9b60e98b0595', null, null, '030caf73-d623-41a9-9c63-5d043577b885', 0)
/
insert into KSLU_RICH_TEXT_T (ID, FORMATTED, PLAIN, OBJ_ID, VER_NBR) values ('493a4bd9-e721-4338-87e2-7050657160aa', null, null, '6cc79126-f851-481a-9ca8-dbd9cb85fbc8', 0)
/
insert into KSLU_RICH_TEXT_T (ID, FORMATTED, PLAIN, OBJ_ID, VER_NBR) values ('49faf268-f2dc-4aee-9d9f-1ba4926dfcb5', null, null, '8541a9dc-123b-416d-b7a0-bdc770889088', 0)
/
insert into KSLU_RICH_TEXT_T (ID, FORMATTED, PLAIN, OBJ_ID, VER_NBR) values ('5c7d81f9-5999-4f9c-ba67-d2c8ed2d26ca', null, null, 'f8edf742-43d4-44e1-9d7b-55a187843b88', 0)
/
insert into KSLU_RICH_TEXT_T (ID, FORMATTED, PLAIN, OBJ_ID, VER_NBR) values ('62e0b35b-35c6-478a-af0c-22a1e4eaa16f', null, null, '5e0b6ae5-5d87-4edd-b04f-9f0e85a6ac6c', 0)
/
insert into KSLU_RICH_TEXT_T (ID, FORMATTED, PLAIN, OBJ_ID, VER_NBR) values ('653faec9-cbbe-4156-88dd-0a40d0110876', null, null, '765b8f88-cf74-4278-9b16-abf4eb7cdee7', 0)
/
insert into KSLU_RICH_TEXT_T (ID, FORMATTED, PLAIN, OBJ_ID, VER_NBR) values ('6e2d26e5-b569-4823-9fcb-d063d2ec91b8', null, null, '72d4754b-f878-4b85-a71b-35b07530247d', 0)
/
insert into KSLU_RICH_TEXT_T (ID, FORMATTED, PLAIN, OBJ_ID, VER_NBR) values ('78925388-bf4c-48e1-add2-cfb9a8514d16', null, null, 'd5ece0f2-5df3-4d13-8c53-c415111a16ce', 0)
/
insert into KSLU_RICH_TEXT_T (ID, FORMATTED, PLAIN, OBJ_ID, VER_NBR) values ('7988ba19-9a18-4aa7-81ed-4fe3fd6ac83e', null, 'General Education Clu Set contains sub sets of Gen Ed categories, which then contain courses which satisfy that specific Gen Ed requirement', 'e081537f-3b01-4f47-8c01-cf4e3d7b5101', 0)
/
insert into KSLU_RICH_TEXT_T (ID, FORMATTED, PLAIN, OBJ_ID, VER_NBR) values ('7a118dca-9a48-422e-8ca0-721ab573fff9', null, null, 'f44c3deb-7c6d-44f3-a53e-2ffacf0ebc72', 0)
/
insert into KSLU_RICH_TEXT_T (ID, FORMATTED, PLAIN, OBJ_ID, VER_NBR) values ('7b28b1f5-d049-4370-987c-d607f02f7255', null, 'Core Clu Set contains sub sets of Core categories, which then contain courses which satisfy that specific Core requirement.', '486d550a-f437-4070-8b79-b11e4f09607b', 0)
/
insert into KSLU_RICH_TEXT_T (ID, FORMATTED, PLAIN, OBJ_ID, VER_NBR) values ('8114b7ad-09f1-46b8-9748-0911e847bc44', null, null, '22ec98eb-0524-4dd9-b3e9-2544fce8607e', 0)
/
insert into KSLU_RICH_TEXT_T (ID, FORMATTED, PLAIN, OBJ_ID, VER_NBR) values ('87922fc3-3ddd-4e16-a95d-3edcc9b3ba2f', null, null, '446f893f-6e50-4ba1-9853-edbab7cad1a8', 0)
/
insert into KSLU_RICH_TEXT_T (ID, FORMATTED, PLAIN, OBJ_ID, VER_NBR) values ('a325a602-eba8-49ac-b8b5-02868075435d', null, null, '69a4e67a-9c0d-416b-859e-ee62657f3a5f', 0)
/
insert into KSLU_RICH_TEXT_T (ID, FORMATTED, PLAIN, OBJ_ID, VER_NBR) values ('a59d3f34-d1a8-416d-84f3-3bfe63d1d8b8', null, null, '11ed0f4a-e86c-4521-b295-8ea16065d0f8', 0)
/
insert into KSLU_RICH_TEXT_T (ID, FORMATTED, PLAIN, OBJ_ID, VER_NBR) values ('aabad76d-5e43-4fad-ad23-39a70dddbbd8', null, null, '1059fea1-a4de-470a-b906-11df54376577', 0)
/
insert into KSLU_RICH_TEXT_T (ID, FORMATTED, PLAIN, OBJ_ID, VER_NBR) values ('bfb69c27-7d45-45ff-8edb-3cf68495e816', null, null, '5e19ef26-e047-4a0a-8db9-7b61516ee43e', 0)
/
insert into KSLU_RICH_TEXT_T (ID, FORMATTED, PLAIN, OBJ_ID, VER_NBR) values ('c34bcf80-7454-46a3-9cc4-7e3e9a8ae35c', null, null, 'ea7f7b00-dffa-4387-b51d-61c9d7719dc5', 0)
/
insert into KSLU_RICH_TEXT_T (ID, FORMATTED, PLAIN, OBJ_ID, VER_NBR) values ('cdf2cdab-c941-4b57-8f03-0032a18a4918', null, null, 'f8351d2e-a201-417a-86f5-dce16656375e', 0)
/
insert into KSLU_RICH_TEXT_T (ID, FORMATTED, PLAIN, OBJ_ID, VER_NBR) values ('cf9b49a1-127f-47e2-8141-7012efcba58d', null, null, '636ff573-7005-46d8-a53b-fa70a8e8207a', 0)
/
insert into KSLU_RICH_TEXT_T (ID, FORMATTED, PLAIN, OBJ_ID, VER_NBR) values ('d50c5cc9-de68-4628-8b5a-c81081ac5193', null, null, '57e90ca3-342f-44e8-8c3b-d98c0fe149d4', 0)
/
insert into KSLU_RICH_TEXT_T (ID, FORMATTED, PLAIN, OBJ_ID, VER_NBR) values ('eb18cb00-048d-48a3-9dba-663c2483b2b1', null, null, 'fee8361a-7d76-4c96-a322-9f7d991435d6', 0)
/
insert into KSLU_RICH_TEXT_T (ID, FORMATTED, PLAIN, OBJ_ID, VER_NBR) values ('ed7b0819-95ee-4a36-aecf-ca3b6a00819d', null, null, '2844b25d-8f19-4e62-904a-003a388d9ccd', 0)
/
insert into KSLU_RICH_TEXT_T (ID, FORMATTED, PLAIN, OBJ_ID, VER_NBR) values ('f69b6136-3719-4917-a492-ce0a078fc5f7', null, null, '186920d5-7225-4ead-a2c5-ed8a4e6ad92d', 0)
/
insert into KSLU_RICH_TEXT_T (ID, FORMATTED, PLAIN, OBJ_ID, VER_NBR) values ('f903d047-19a2-42f2-8c2d-56ffaedb520d', null, null, 'eb21535f-139a-446d-99a2-3d8690d9ce73', 0)
/
insert into KSLU_RICH_TEXT_T (ID, FORMATTED, PLAIN, OBJ_ID, VER_NBR) values ('fedc945d-c4d2-4e93-963a-c76a710461a8', null, null, 'c598fac0-6df3-488a-8414-a1c735f63374', 0)
/
insert into KSLU_CLU_SET (ID, CREATEID, CREATETIME, UPDATEID, UPDATETIME, VER_NBR, ADMIN_ORG_ID, EFF_DT, EXPIR_DT, REFERENCEABLE, REUSABLE, NAME, ST, TYPE, RT_DESCR_ID, MEM_QUERY_ID, OBJ_ID) values ('cb222be8-d920-4df1-a8ca-a4fadb822351', null, TIMESTAMP '2011-11-16 18:33:18', null, TIMESTAMP '2011-11-16 18:33:21', 14, null, TIMESTAMP '2011-11-16 18:33:15', null, 0, 1, 'General Education', 'active', 'kuali.cluSet.type.CreditCourse', '7988ba19-9a18-4aa7-81ed-4fe3fd6ac83e', null, '8e3550bc-a7be-47bd-ab71-994846278297')
/
insert into KSLU_CLU_SET (ID, CREATEID, CREATETIME, UPDATEID, UPDATETIME, VER_NBR, ADMIN_ORG_ID, EFF_DT, EXPIR_DT, REFERENCEABLE, REUSABLE, NAME, ST, TYPE, RT_DESCR_ID, MEM_QUERY_ID, OBJ_ID) values ('eb2a67b7-39ea-47f0-95e5-9e0155dcf8d2', null, TIMESTAMP '2011-11-16 18:33:18', null, TIMESTAMP '2011-11-16 19:18:28', 20, null, TIMESTAMP '2011-11-16 18:33:18', null, 0, 1, 'General Education: History and Social Sciences', 'active', 'kuali.cluSet.type.CreditCourse', '1bddb801-0926-4ccc-bd95-7f8b9cfca09b', null, 'd916cab2-93ac-4b4e-91f6-f87502ec9100')
/
insert into KSLU_CLU_SET (ID, CREATEID, CREATETIME, UPDATEID, UPDATETIME, VER_NBR, ADMIN_ORG_ID, EFF_DT, EXPIR_DT, REFERENCEABLE, REUSABLE, NAME, ST, TYPE, RT_DESCR_ID, MEM_QUERY_ID, OBJ_ID) values ('2e943947-a148-4794-bd08-baf75af53a35', null, TIMESTAMP '2011-11-16 18:33:18', null, TIMESTAMP '2011-11-16 18:33:18', 0, null, TIMESTAMP '2011-11-16 18:33:18', null, 0, 1, 'General Education: Humanities', 'active', 'kuali.cluSet.type.CreditCourse', 'eb18cb00-048d-48a3-9dba-663c2483b2b1', null, '0ae60ed3-04eb-4c48-94d4-287d8a9982a5')
/
insert into KSLU_CLU_SET (ID, CREATEID, CREATETIME, UPDATEID, UPDATETIME, VER_NBR, ADMIN_ORG_ID, EFF_DT, EXPIR_DT, REFERENCEABLE, REUSABLE, NAME, ST, TYPE, RT_DESCR_ID, MEM_QUERY_ID, OBJ_ID) values ('6ac1f2db-cd9c-4646-8aa4-126c370a032b', null, TIMESTAMP '2011-11-16 18:33:18', null, TIMESTAMP '2011-11-16 18:55:53', 9, null, TIMESTAMP '2011-11-16 18:33:18', null, 0, 1, 'General Education: Natural Science w/Lab', 'active', 'kuali.cluSet.type.CreditCourse', '78925388-bf4c-48e1-add2-cfb9a8514d16', null, 'fe1157f8-1e28-4ad7-b60a-8159e8a357bc')
/
insert into KSLU_CLU_SET (ID, CREATEID, CREATETIME, UPDATEID, UPDATETIME, VER_NBR, ADMIN_ORG_ID, EFF_DT, EXPIR_DT, REFERENCEABLE, REUSABLE, NAME, ST, TYPE, RT_DESCR_ID, MEM_QUERY_ID, OBJ_ID) values ('19fa9597-aeb4-4b15-92e7-b47a17b70cec', null, TIMESTAMP '2011-11-16 18:33:19', null, TIMESTAMP '2011-11-16 18:52:30', 10, null, TIMESTAMP '2011-11-16 18:33:19', null, 0, 1, 'General Education: Natural Science', 'active', 'kuali.cluSet.type.CreditCourse', 'a59d3f34-d1a8-416d-84f3-3bfe63d1d8b8', null, '88877aad-c30f-4330-89b4-123b8f2f972e')
/
insert into KSLU_CLU_SET (ID, CREATEID, CREATETIME, UPDATEID, UPDATETIME, VER_NBR, ADMIN_ORG_ID, EFF_DT, EXPIR_DT, REFERENCEABLE, REUSABLE, NAME, ST, TYPE, RT_DESCR_ID, MEM_QUERY_ID, OBJ_ID) values ('bdfab784-e170-415d-830c-426e3b720456', null, TIMESTAMP '2011-11-16 18:33:19', null, TIMESTAMP '2011-11-16 18:33:19', 0, null, TIMESTAMP '2011-11-16 18:33:19', null, 0, 1, 'General Education: Scholarship in Practice', 'active', 'kuali.cluSet.type.CreditCourse', '5c7d81f9-5999-4f9c-ba67-d2c8ed2d26ca', null, 'b93890a2-6468-4325-acfa-a311f9f42c4a')
/
insert into KSLU_CLU_SET (ID, CREATEID, CREATETIME, UPDATEID, UPDATETIME, VER_NBR, ADMIN_ORG_ID, EFF_DT, EXPIR_DT, REFERENCEABLE, REUSABLE, NAME, ST, TYPE, RT_DESCR_ID, MEM_QUERY_ID, OBJ_ID) values ('cf1a0533-8c10-4e1e-aa16-35cf38b28f5a', null, TIMESTAMP '2011-11-16 18:33:19', null, TIMESTAMP '2011-11-16 19:18:57', 3, null, TIMESTAMP '2011-11-16 18:33:19', null, 0, 1, 'General Education: Diversity-Cultural Competence', 'active', 'kuali.cluSet.type.CreditCourse', '62e0b35b-35c6-478a-af0c-22a1e4eaa16f', null, '3bd6bdd9-fd67-49e0-9842-99adf092d966')
/
insert into KSLU_CLU_SET (ID, CREATEID, CREATETIME, UPDATEID, UPDATETIME, VER_NBR, ADMIN_ORG_ID, EFF_DT, EXPIR_DT, REFERENCEABLE, REUSABLE, NAME, ST, TYPE, RT_DESCR_ID, MEM_QUERY_ID, OBJ_ID) values ('d89fe369-9a3b-44af-bf65-753565e51f55', null, TIMESTAMP '2011-11-16 18:33:19', null, TIMESTAMP '2011-11-16 20:34:05', 20, null, TIMESTAMP '2011-11-16 18:33:19', null, 0, 1, 'General Education: Diversity-Understanding Plural Societies', 'active', 'kuali.cluSet.type.CreditCourse', 'fedc945d-c4d2-4e93-963a-c76a710461a8', null, 'b9eea5c6-225e-4239-b5c7-1489e1d9232a')
/
insert into KSLU_CLU_SET (ID, CREATEID, CREATETIME, UPDATEID, UPDATETIME, VER_NBR, ADMIN_ORG_ID, EFF_DT, EXPIR_DT, REFERENCEABLE, REUSABLE, NAME, ST, TYPE, RT_DESCR_ID, MEM_QUERY_ID, OBJ_ID) values ('76db5959-a3f7-47bc-b3f0-7242bd51c9cb', null, TIMESTAMP '2011-11-16 18:33:19', null, TIMESTAMP '2011-11-16 18:33:19', 0, null, TIMESTAMP '2011-11-16 18:33:19', null, 0, 1, 'General Education: Experiential Learning', 'active', 'kuali.cluSet.type.CreditCourse', '373b9d03-71c8-49b2-9f9c-dab8fb7cdca3', null, 'a941befb-7328-49af-a20a-b234576431dc')
/
insert into KSLU_CLU_SET (ID, CREATEID, CREATETIME, UPDATEID, UPDATETIME, VER_NBR, ADMIN_ORG_ID, EFF_DT, EXPIR_DT, REFERENCEABLE, REUSABLE, NAME, ST, TYPE, RT_DESCR_ID, MEM_QUERY_ID, OBJ_ID) values ('e03c56bc-d03d-4e3d-be4d-337bc8b0897f', null, TIMESTAMP '2011-11-16 18:33:20', null, TIMESTAMP '2011-11-16 18:33:20', 0, null, TIMESTAMP '2011-11-16 18:33:20', null, 0, 1, 'General Education: Fundamental Studies-Analytic Reasoning', 'active', 'kuali.cluSet.type.CreditCourse', 'a325a602-eba8-49ac-b8b5-02868075435d', null, '8a8bc465-41e9-43fb-8a2f-9584411a1af7')
/
insert into KSLU_CLU_SET (ID, CREATEID, CREATETIME, UPDATEID, UPDATETIME, VER_NBR, ADMIN_ORG_ID, EFF_DT, EXPIR_DT, REFERENCEABLE, REUSABLE, NAME, ST, TYPE, RT_DESCR_ID, MEM_QUERY_ID, OBJ_ID) values ('00a62f41-e178-40ec-a1b9-15335490a337', null, TIMESTAMP '2011-11-16 18:33:20', null, TIMESTAMP '2011-11-16 20:30:52', 1, null, TIMESTAMP '2011-11-16 18:33:20', null, 0, 1, 'General Education: Fundamental Studies-Academic Writing', 'active', 'kuali.cluSet.type.CreditCourse', 'bfb69c27-7d45-45ff-8edb-3cf68495e816', null, 'f6eae506-33cd-4365-9377-4cc037f682c9')
/
insert into KSLU_CLU_SET (ID, CREATEID, CREATETIME, UPDATEID, UPDATETIME, VER_NBR, ADMIN_ORG_ID, EFF_DT, EXPIR_DT, REFERENCEABLE, REUSABLE, NAME, ST, TYPE, RT_DESCR_ID, MEM_QUERY_ID, OBJ_ID) values ('62da34df-edf0-4d0f-955b-1c4f5b5a601e', null, TIMESTAMP '2011-11-16 18:33:20', null, TIMESTAMP '2011-11-16 18:33:20', 0, null, TIMESTAMP '2011-11-16 18:33:20', null, 0, 1, 'General Education: Fundamental Studies-Math', 'active', 'kuali.cluSet.type.CreditCourse', '3f644cd9-098a-4a86-9be7-9874097835b7', null, '364fdd88-c711-4ab7-a991-45ee0b1c1012')
/
insert into KSLU_CLU_SET (ID, CREATEID, CREATETIME, UPDATEID, UPDATETIME, VER_NBR, ADMIN_ORG_ID, EFF_DT, EXPIR_DT, REFERENCEABLE, REUSABLE, NAME, ST, TYPE, RT_DESCR_ID, MEM_QUERY_ID, OBJ_ID) values ('2ce71b30-3cb2-4888-a2d0-1629c854cde5', null, TIMESTAMP '2011-11-16 18:33:20', null, TIMESTAMP '2011-11-16 19:02:24', 3, null, TIMESTAMP '2011-11-16 18:33:20', null, 0, 1, 'General Education: Fundamental Studies-Oral Communication', 'active', 'kuali.cluSet.type.CreditCourse', 'f903d047-19a2-42f2-8c2d-56ffaedb520d', null, 'cc4b34fc-a1b7-402b-8d10-e424882ace38')
/
insert into KSLU_CLU_SET (ID, CREATEID, CREATETIME, UPDATEID, UPDATETIME, VER_NBR, ADMIN_ORG_ID, EFF_DT, EXPIR_DT, REFERENCEABLE, REUSABLE, NAME, ST, TYPE, RT_DESCR_ID, MEM_QUERY_ID, OBJ_ID) values ('c24cd9f9-0743-4450-b61e-06d408c7e8d0', null, TIMESTAMP '2011-11-16 18:33:20', null, TIMESTAMP '2011-11-16 20:58:12', 6, null, TIMESTAMP '2011-11-16 18:33:20', null, 0, 1, 'General Education: Fundamental Studies-Professional Writing', 'active', 'kuali.cluSet.type.CreditCourse', 'd50c5cc9-de68-4628-8b5a-c81081ac5193', null, '9111b089-c005-42d7-9364-01c8e763d5d2')
/
insert into KSLU_CLU_SET (ID, CREATEID, CREATETIME, UPDATEID, UPDATETIME, VER_NBR, ADMIN_ORG_ID, EFF_DT, EXPIR_DT, REFERENCEABLE, REUSABLE, NAME, ST, TYPE, RT_DESCR_ID, MEM_QUERY_ID, OBJ_ID) values ('e05e6def-0c27-46b6-bd36-41fdc2927808', null, TIMESTAMP '2011-11-16 18:33:20', null, TIMESTAMP '2011-11-16 19:04:16', 2, null, TIMESTAMP '2011-11-16 18:33:20', null, 0, 1, 'General Education: I-Series', 'active', 'kuali.cluSet.type.CreditCourse', '6e2d26e5-b569-4823-9fcb-d063d2ec91b8', null, '8d094e55-bf6c-4acc-bea0-c7974ca74541')
/
insert into KSLU_CLU_SET (ID, CREATEID, CREATETIME, UPDATEID, UPDATETIME, VER_NBR, ADMIN_ORG_ID, EFF_DT, EXPIR_DT, REFERENCEABLE, REUSABLE, NAME, ST, TYPE, RT_DESCR_ID, MEM_QUERY_ID, OBJ_ID) values ('4b044876-c846-4b6e-9fcf-f2f34c20134e', null, TIMESTAMP '2011-11-16 18:33:21', null, TIMESTAMP '2011-11-16 18:33:24', 17, null, TIMESTAMP '2011-11-16 18:33:21', null, 0, 1, 'CORE', 'active', 'kuali.cluSet.type.CreditCourse', '7b28b1f5-d049-4370-987c-d607f02f7255', null, '9141db09-119e-4907-9ae1-0fee6e7014f6')
/
insert into KSLU_CLU_SET (ID, CREATEID, CREATETIME, UPDATEID, UPDATETIME, VER_NBR, ADMIN_ORG_ID, EFF_DT, EXPIR_DT, REFERENCEABLE, REUSABLE, NAME, ST, TYPE, RT_DESCR_ID, MEM_QUERY_ID, OBJ_ID) values ('ea24a638-4913-4029-a598-c77fb5840d98', null, TIMESTAMP '2011-11-16 18:33:21', null, TIMESTAMP '2011-11-16 20:35:59', 11, null, TIMESTAMP '2011-11-16 18:33:21', null, 0, 1, 'CORE: Social or Political History (SH)', 'active', 'kuali.cluSet.type.CreditCourse', '7a118dca-9a48-422e-8ca0-721ab573fff9', null, 'fad1de09-4dd3-4f08-b87c-8290f0f89375')
/
insert into KSLU_CLU_SET (ID, CREATEID, CREATETIME, UPDATEID, UPDATETIME, VER_NBR, ADMIN_ORG_ID, EFF_DT, EXPIR_DT, REFERENCEABLE, REUSABLE, NAME, ST, TYPE, RT_DESCR_ID, MEM_QUERY_ID, OBJ_ID) values ('a085000f-4b64-4ee8-999e-90b105519c32', null, TIMESTAMP '2011-11-16 18:33:21', null, TIMESTAMP '2011-11-16 18:55:47', 8, null, TIMESTAMP '2011-11-16 18:33:21', null, 0, 1, 'CORE: Physical Science Lab (PL)', 'active', 'kuali.cluSet.type.CreditCourse', 'c34bcf80-7454-46a3-9cc4-7e3e9a8ae35c', null, '000f3059-66c9-4a55-b990-2539183df4e7')
/
insert into KSLU_CLU_SET (ID, CREATEID, CREATETIME, UPDATEID, UPDATETIME, VER_NBR, ADMIN_ORG_ID, EFF_DT, EXPIR_DT, REFERENCEABLE, REUSABLE, NAME, ST, TYPE, RT_DESCR_ID, MEM_QUERY_ID, OBJ_ID) values ('d8974da7-81a7-4da5-9e89-cca718267469', null, TIMESTAMP '2011-11-16 18:33:21', null, TIMESTAMP '2011-11-16 23:18:38', 18, null, TIMESTAMP '2011-11-16 18:33:21', null, 0, 1, 'CORE: Physical Science Non-lab (PS)', 'active', 'kuali.cluSet.type.CreditCourse', 'f69b6136-3719-4917-a492-ce0a078fc5f7', null, 'b1b1a641-bd99-4178-b373-59f19ebe915f')
/
insert into KSLU_CLU_SET (ID, CREATEID, CREATETIME, UPDATEID, UPDATETIME, VER_NBR, ADMIN_ORG_ID, EFF_DT, EXPIR_DT, REFERENCEABLE, REUSABLE, NAME, ST, TYPE, RT_DESCR_ID, MEM_QUERY_ID, OBJ_ID) values ('2a3dead2-a7ed-4a5b-aca2-1302d9c4c402', null, TIMESTAMP '2011-11-16 18:33:21', null, TIMESTAMP '2011-11-16 18:59:12', 1, null, TIMESTAMP '2011-11-16 18:33:21', null, 0, 1, 'CORE: Mathematics or Formal Reasoning Lab (ML)', 'active', 'kuali.cluSet.type.CreditCourse', '8114b7ad-09f1-46b8-9748-0911e847bc44', null, '1d01e668-6b73-4ecd-bf6e-e0306b2c0bc3')
/
insert into KSLU_CLU_SET (ID, CREATEID, CREATETIME, UPDATEID, UPDATETIME, VER_NBR, ADMIN_ORG_ID, EFF_DT, EXPIR_DT, REFERENCEABLE, REUSABLE, NAME, ST, TYPE, RT_DESCR_ID, MEM_QUERY_ID, OBJ_ID) values ('51d0480d-8e16-46f0-994e-39688ceb2f4e', null, TIMESTAMP '2011-11-16 18:33:22', null, TIMESTAMP '2011-11-16 20:37:06', 40, null, TIMESTAMP '2011-11-16 18:33:22', null, 0, 1, 'CORE: Humanities (HO)', 'active', 'kuali.cluSet.type.CreditCourse', '493a4bd9-e721-4338-87e2-7050657160aa', null, '82f8c8fe-c95a-4c30-8853-1462623e16a5')
/
insert into KSLU_CLU_SET (ID, CREATEID, CREATETIME, UPDATEID, UPDATETIME, VER_NBR, ADMIN_ORG_ID, EFF_DT, EXPIR_DT, REFERENCEABLE, REUSABLE, NAME, ST, TYPE, RT_DESCR_ID, MEM_QUERY_ID, OBJ_ID) values ('06c407bb-883d-481e-86c0-d85aeff0a9dd', null, TIMESTAMP '2011-11-16 18:33:22', null, TIMESTAMP '2011-11-16 18:55:36', 14, null, TIMESTAMP '2011-11-16 18:33:22', null, 0, 1, 'CORE: Life Science Lab (LL)', 'active', 'kuali.cluSet.type.CreditCourse', '34b0dd9e-ba9b-49ae-8024-49d426cde475', null, '41f9a388-dee1-4bc0-8099-2e46ddc569b6')
/
insert into KSLU_CLU_SET (ID, CREATEID, CREATETIME, UPDATEID, UPDATETIME, VER_NBR, ADMIN_ORG_ID, EFF_DT, EXPIR_DT, REFERENCEABLE, REUSABLE, NAME, ST, TYPE, RT_DESCR_ID, MEM_QUERY_ID, OBJ_ID) values ('c861a73a-b285-46a3-a554-141f7c57e676', null, TIMESTAMP '2011-11-16 18:33:22', null, TIMESTAMP '2011-11-16 20:37:09', 44, null, TIMESTAMP '2011-11-16 18:33:22', null, 0, 1, 'CORE: Literature (HL)', 'active', 'kuali.cluSet.type.CreditCourse', '43e90192-692a-4e1a-9837-9b60e98b0595', null, 'c775035b-a627-4a65-8039-4472f1e90a76')
/
insert into KSLU_CLU_SET (ID, CREATEID, CREATETIME, UPDATEID, UPDATETIME, VER_NBR, ADMIN_ORG_ID, EFF_DT, EXPIR_DT, REFERENCEABLE, REUSABLE, NAME, ST, TYPE, RT_DESCR_ID, MEM_QUERY_ID, OBJ_ID) values ('e7cb097b-413a-4950-9599-a89140adaf49', null, TIMESTAMP '2011-11-16 18:33:22', null, TIMESTAMP '2011-11-16 20:35:17', 18, null, TIMESTAMP '2011-11-16 18:33:22', null, 0, 1, 'CORE: History or Theory of the Arts (HA)', 'active', 'kuali.cluSet.type.CreditCourse', '49faf268-f2dc-4aee-9d9f-1ba4926dfcb5', null, '1dcedebd-df83-4d12-aa74-466298796824')
/
insert into KSLU_CLU_SET (ID, CREATEID, CREATETIME, UPDATEID, UPDATETIME, VER_NBR, ADMIN_ORG_ID, EFF_DT, EXPIR_DT, REFERENCEABLE, REUSABLE, NAME, ST, TYPE, RT_DESCR_ID, MEM_QUERY_ID, OBJ_ID) values ('84966135-2eb2-4386-b9ff-e62d642fc739', null, TIMESTAMP '2011-11-16 18:33:22', null, TIMESTAMP '2011-11-16 19:14:13', 12, null, TIMESTAMP '2011-11-16 18:33:22', null, 0, 1, 'CORE: Social and Ethical Problems (AE)', 'active', 'kuali.cluSet.type.CreditCourse', 'cdf2cdab-c941-4b57-8f03-0032a18a4918', null, 'd03de0bd-5c47-428c-8355-59be469f18d7')
/
insert into KSLU_CLU_SET (ID, CREATEID, CREATETIME, UPDATEID, UPDATETIME, VER_NBR, ADMIN_ORG_ID, EFF_DT, EXPIR_DT, REFERENCEABLE, REUSABLE, NAME, ST, TYPE, RT_DESCR_ID, MEM_QUERY_ID, OBJ_ID) values ('c853d15c-4e02-430f-8796-3b23c8107d0b', null, TIMESTAMP '2011-11-16 18:33:22', null, TIMESTAMP '2011-11-17 00:09:22', 26, null, TIMESTAMP '2011-11-16 18:33:22', null, 0, 1, 'CORE: Capstone (CS)', 'active', 'kuali.cluSet.type.CreditCourse', 'cf9b49a1-127f-47e2-8141-7012efcba58d', null, '130851d8-a3d2-4c62-9468-e2b228216b86')
/
insert into KSLU_CLU_SET (ID, CREATEID, CREATETIME, UPDATEID, UPDATETIME, VER_NBR, ADMIN_ORG_ID, EFF_DT, EXPIR_DT, REFERENCEABLE, REUSABLE, NAME, ST, TYPE, RT_DESCR_ID, MEM_QUERY_ID, OBJ_ID) values ('15f5b794-f324-4883-b03c-db5795a2b785', null, TIMESTAMP '2011-11-16 18:33:23', null, TIMESTAMP '2011-11-16 18:52:24', 4, null, TIMESTAMP '2011-11-16 18:33:23', null, 0, 1, 'CORE: Life Science Lab-Linked Courses (LL)', 'active', 'kuali.cluSet.type.CreditCourse', '87922fc3-3ddd-4e16-a95d-3edcc9b3ba2f', null, 'c889e013-fc66-4301-8364-df171b9cf016')
/
insert into KSLU_CLU_SET (ID, CREATEID, CREATETIME, UPDATEID, UPDATETIME, VER_NBR, ADMIN_ORG_ID, EFF_DT, EXPIR_DT, REFERENCEABLE, REUSABLE, NAME, ST, TYPE, RT_DESCR_ID, MEM_QUERY_ID, OBJ_ID) values ('130ff2c7-fb08-4325-9b54-8ee4e3d83b27', null, TIMESTAMP '2011-11-16 18:33:23', null, TIMESTAMP '2011-11-16 18:55:53', 5, null, TIMESTAMP '2011-11-16 18:33:23', null, 0, 1, 'CORE: Physical Science Lab-Linked Courses (PL)', 'active', 'kuali.cluSet.type.CreditCourse', '375aaabd-46ed-4d65-8c4b-694f3fa6087d', null, '65663b7d-3d18-490b-b9c8-f6f60575d058')
/
insert into KSLU_CLU_SET (ID, CREATEID, CREATETIME, UPDATEID, UPDATETIME, VER_NBR, ADMIN_ORG_ID, EFF_DT, EXPIR_DT, REFERENCEABLE, REUSABLE, NAME, ST, TYPE, RT_DESCR_ID, MEM_QUERY_ID, OBJ_ID) values ('0c4119ef-5f87-4bbd-8efb-e23a33eac47d', null, TIMESTAMP '2011-11-16 18:33:23', null, TIMESTAMP '2011-11-16 19:15:19', 49, null, TIMESTAMP '2011-11-16 18:33:23', null, 0, 1, 'CORE: Behavioral and Social Science (SB)', 'active', 'kuali.cluSet.type.CreditCourse', 'aabad76d-5e43-4fad-ad23-39a70dddbbd8', null, '3d150b19-38a6-43d2-8ce5-6b683f7e205a')
/
insert into KSLU_CLU_SET (ID, CREATEID, CREATETIME, UPDATEID, UPDATETIME, VER_NBR, ADMIN_ORG_ID, EFF_DT, EXPIR_DT, REFERENCEABLE, REUSABLE, NAME, ST, TYPE, RT_DESCR_ID, MEM_QUERY_ID, OBJ_ID) values ('3d934ce7-29f8-4a8e-be4d-954ea044b8ce', null, TIMESTAMP '2011-11-16 18:33:23', null, TIMESTAMP '2011-11-16 18:52:30', 8, null, TIMESTAMP '2011-11-16 18:33:23', null, 0, 1, 'CORE: Life Science Non-lab (LS)', 'active', 'kuali.cluSet.type.CreditCourse', '653faec9-cbbe-4156-88dd-0a40d0110876', null, '5a9e2958-1938-48d6-8b52-0c17ae3bfd7a')
/
insert into KSLU_CLU_SET (ID, CREATEID, CREATETIME, UPDATEID, UPDATETIME, VER_NBR, ADMIN_ORG_ID, EFF_DT, EXPIR_DT, REFERENCEABLE, REUSABLE, NAME, ST, TYPE, RT_DESCR_ID, MEM_QUERY_ID, OBJ_ID) values ('cd395b52-0775-4b02-8d6e-7854eabe69cd', null, TIMESTAMP '2011-11-16 18:33:23', null, TIMESTAMP '2011-11-16 20:27:26', 16, null, TIMESTAMP '2011-11-16 18:33:23', null, 0, 1, 'CORE: Interdisciplinary and Emerging Issues (IE)', 'active', 'kuali.cluSet.type.CreditCourse', '2d26b9e0-05be-4ede-b347-11beb786f07c', null, '09df8b54-216b-4c0f-a8ad-ad5e4dab1d81')
/
insert into KSLU_CLU_SET (ID, CREATEID, CREATETIME, UPDATEID, UPDATETIME, VER_NBR, ADMIN_ORG_ID, EFF_DT, EXPIR_DT, REFERENCEABLE, REUSABLE, NAME, ST, TYPE, RT_DESCR_ID, MEM_QUERY_ID, OBJ_ID) values ('97e565db-bd59-4c70-95d9-fa4fb6ae0524', null, TIMESTAMP '2011-11-16 18:33:24', null, TIMESTAMP '2011-11-16 18:59:21', 2, null, TIMESTAMP '2011-11-16 18:33:24', null, 0, 1, 'CORE: Mathematics and Formal Reasoning (MS)', 'active', 'kuali.cluSet.type.CreditCourse', '1dd1899c-1c83-4ff3-9135-1d55da17dee1', null, '6150de4f-084c-4606-a07f-6bafc638525f')
/
insert into KSLU_CLU_SET (ID, CREATEID, CREATETIME, UPDATEID, UPDATETIME, VER_NBR, ADMIN_ORG_ID, EFF_DT, EXPIR_DT, REFERENCEABLE, REUSABLE, NAME, ST, TYPE, RT_DESCR_ID, MEM_QUERY_ID, OBJ_ID) values ('fc35f9fc-2d6d-421e-8239-85eb639b8f48', null, TIMESTAMP '2011-11-16 18:33:24', null, TIMESTAMP '2011-11-16 20:39:04', 119, null, TIMESTAMP '2011-11-16 18:33:24', null, 0, 1, 'CORE: Diversity', 'active', 'kuali.cluSet.type.CreditCourse', 'ed7b0819-95ee-4a36-aecf-ca3b6a00819d', null, '0f7994d6-b1b3-4577-8a11-ee57ceb1c3d9')
/
insert into KSLU_CLU_SET_JN_CLU_SET (CLU_SET_PARENT_ID, CLU_SET_CHILD_ID) values ('cb222be8-d920-4df1-a8ca-a4fadb822351', 'eb2a67b7-39ea-47f0-95e5-9e0155dcf8d2')
/
insert into KSLU_CLU_SET_JN_CLU_SET (CLU_SET_PARENT_ID, CLU_SET_CHILD_ID) values ('cb222be8-d920-4df1-a8ca-a4fadb822351', '2e943947-a148-4794-bd08-baf75af53a35')
/
insert into KSLU_CLU_SET_JN_CLU_SET (CLU_SET_PARENT_ID, CLU_SET_CHILD_ID) values ('4b044876-c846-4b6e-9fcf-f2f34c20134e', 'ea24a638-4913-4029-a598-c77fb5840d98')
/
insert into KSLU_CLU_SET_JN_CLU_SET (CLU_SET_PARENT_ID, CLU_SET_CHILD_ID) values ('cb222be8-d920-4df1-a8ca-a4fadb822351', '6ac1f2db-cd9c-4646-8aa4-126c370a032b')
/
insert into KSLU_CLU_SET_JN_CLU_SET (CLU_SET_PARENT_ID, CLU_SET_CHILD_ID) values ('cb222be8-d920-4df1-a8ca-a4fadb822351', '19fa9597-aeb4-4b15-92e7-b47a17b70cec')
/
insert into KSLU_CLU_SET_JN_CLU_SET (CLU_SET_PARENT_ID, CLU_SET_CHILD_ID) values ('4b044876-c846-4b6e-9fcf-f2f34c20134e', 'a085000f-4b64-4ee8-999e-90b105519c32')
/
insert into KSLU_CLU_SET_JN_CLU_SET (CLU_SET_PARENT_ID, CLU_SET_CHILD_ID) values ('4b044876-c846-4b6e-9fcf-f2f34c20134e', 'd8974da7-81a7-4da5-9e89-cca718267469')
/
insert into KSLU_CLU_SET_JN_CLU_SET (CLU_SET_PARENT_ID, CLU_SET_CHILD_ID) values ('cb222be8-d920-4df1-a8ca-a4fadb822351', 'bdfab784-e170-415d-830c-426e3b720456')
/
insert into KSLU_CLU_SET_JN_CLU_SET (CLU_SET_PARENT_ID, CLU_SET_CHILD_ID) values ('cb222be8-d920-4df1-a8ca-a4fadb822351', 'cf1a0533-8c10-4e1e-aa16-35cf38b28f5a')
/
insert into KSLU_CLU_SET_JN_CLU_SET (CLU_SET_PARENT_ID, CLU_SET_CHILD_ID) values ('cb222be8-d920-4df1-a8ca-a4fadb822351', 'd89fe369-9a3b-44af-bf65-753565e51f55')
/
insert into KSLU_CLU_SET_JN_CLU_SET (CLU_SET_PARENT_ID, CLU_SET_CHILD_ID) values ('cb222be8-d920-4df1-a8ca-a4fadb822351', '76db5959-a3f7-47bc-b3f0-7242bd51c9cb')
/
insert into KSLU_CLU_SET_JN_CLU_SET (CLU_SET_PARENT_ID, CLU_SET_CHILD_ID) values ('4b044876-c846-4b6e-9fcf-f2f34c20134e', '2a3dead2-a7ed-4a5b-aca2-1302d9c4c402')
/
insert into KSLU_CLU_SET_JN_CLU_SET (CLU_SET_PARENT_ID, CLU_SET_CHILD_ID) values ('4b044876-c846-4b6e-9fcf-f2f34c20134e', '51d0480d-8e16-46f0-994e-39688ceb2f4e')
/
insert into KSLU_CLU_SET_JN_CLU_SET (CLU_SET_PARENT_ID, CLU_SET_CHILD_ID) values ('cb222be8-d920-4df1-a8ca-a4fadb822351', 'e03c56bc-d03d-4e3d-be4d-337bc8b0897f')
/
insert into KSLU_CLU_SET_JN_CLU_SET (CLU_SET_PARENT_ID, CLU_SET_CHILD_ID) values ('cb222be8-d920-4df1-a8ca-a4fadb822351', '00a62f41-e178-40ec-a1b9-15335490a337')
/
insert into KSLU_CLU_SET_JN_CLU_SET (CLU_SET_PARENT_ID, CLU_SET_CHILD_ID) values ('cb222be8-d920-4df1-a8ca-a4fadb822351', '62da34df-edf0-4d0f-955b-1c4f5b5a601e')
/
insert into KSLU_CLU_SET_JN_CLU_SET (CLU_SET_PARENT_ID, CLU_SET_CHILD_ID) values ('cb222be8-d920-4df1-a8ca-a4fadb822351', '2ce71b30-3cb2-4888-a2d0-1629c854cde5')
/
insert into KSLU_CLU_SET_JN_CLU_SET (CLU_SET_PARENT_ID, CLU_SET_CHILD_ID) values ('4b044876-c846-4b6e-9fcf-f2f34c20134e', '06c407bb-883d-481e-86c0-d85aeff0a9dd')
/
insert into KSLU_CLU_SET_JN_CLU_SET (CLU_SET_PARENT_ID, CLU_SET_CHILD_ID) values ('4b044876-c846-4b6e-9fcf-f2f34c20134e', 'c861a73a-b285-46a3-a554-141f7c57e676')
/
insert into KSLU_CLU_SET_JN_CLU_SET (CLU_SET_PARENT_ID, CLU_SET_CHILD_ID) values ('cb222be8-d920-4df1-a8ca-a4fadb822351', 'c24cd9f9-0743-4450-b61e-06d408c7e8d0')
/
insert into KSLU_CLU_SET_JN_CLU_SET (CLU_SET_PARENT_ID, CLU_SET_CHILD_ID) values ('cb222be8-d920-4df1-a8ca-a4fadb822351', 'e05e6def-0c27-46b6-bd36-41fdc2927808')
/
insert into KSLU_CLU_SET_JN_CLU_SET (CLU_SET_PARENT_ID, CLU_SET_CHILD_ID) values ('4b044876-c846-4b6e-9fcf-f2f34c20134e', 'e7cb097b-413a-4950-9599-a89140adaf49')
/
insert into KSLU_CLU_SET_JN_CLU_SET (CLU_SET_PARENT_ID, CLU_SET_CHILD_ID) values ('4b044876-c846-4b6e-9fcf-f2f34c20134e', '84966135-2eb2-4386-b9ff-e62d642fc739')
/
insert into KSLU_CLU_SET_JN_CLU_SET (CLU_SET_PARENT_ID, CLU_SET_CHILD_ID) values ('4b044876-c846-4b6e-9fcf-f2f34c20134e', 'c853d15c-4e02-430f-8796-3b23c8107d0b')
/
insert into KSLU_CLU_SET_JN_CLU_SET (CLU_SET_PARENT_ID, CLU_SET_CHILD_ID) values ('4b044876-c846-4b6e-9fcf-f2f34c20134e', '15f5b794-f324-4883-b03c-db5795a2b785')
/
insert into KSLU_CLU_SET_JN_CLU_SET (CLU_SET_PARENT_ID, CLU_SET_CHILD_ID) values ('4b044876-c846-4b6e-9fcf-f2f34c20134e', '130ff2c7-fb08-4325-9b54-8ee4e3d83b27')
/
insert into KSLU_CLU_SET_JN_CLU_SET (CLU_SET_PARENT_ID, CLU_SET_CHILD_ID) values ('4b044876-c846-4b6e-9fcf-f2f34c20134e', '0c4119ef-5f87-4bbd-8efb-e23a33eac47d')
/
insert into KSLU_CLU_SET_JN_CLU_SET (CLU_SET_PARENT_ID, CLU_SET_CHILD_ID) values ('4b044876-c846-4b6e-9fcf-f2f34c20134e', '3d934ce7-29f8-4a8e-be4d-954ea044b8ce')
/
insert into KSLU_CLU_SET_JN_CLU_SET (CLU_SET_PARENT_ID, CLU_SET_CHILD_ID) values ('4b044876-c846-4b6e-9fcf-f2f34c20134e', 'cd395b52-0775-4b02-8d6e-7854eabe69cd')
/
insert into KSLU_CLU_SET_JN_CLU_SET (CLU_SET_PARENT_ID, CLU_SET_CHILD_ID) values ('4b044876-c846-4b6e-9fcf-f2f34c20134e', '97e565db-bd59-4c70-95d9-fa4fb6ae0524')
/

